,Country,Year,WHI,SPI,GDP,WGI
0,Switzerland,2015,7.587,88.05,82.89756098,42.0
1,Iceland,2015,7.561,88.6,82.46829268,71.52000000000002
2,Denmark,2015,7.527,89.37,80.70243902,42.0
3,Norway,2015,7.522,89.15,82.30487805,49.0
4,Canada,2015,7.427,87.3,81.81560976,60.0
5,Finland,2015,7.406,89.25,81.4804878,43.0
6,Netherlands,2015,7.378,89.23,81.5097561,56.0
7,Sweden,2015,7.364,88.72,82.20487805,44.0
8,New Zealand,2015,7.286,86.6,81.61243902,61.0
9,Australia,2015,7.284,87.7,82.4,59.0
10,Israel,2015,7.278,81.23,82.05121951,32.0
11,Costa Rica,2015,7.226,78.89,79.086,43.0
12,Austria,2015,7.2,86.47,81.1902439,46.0
13,Mexico,2015,7.187,68.61,74.682,29.0
14,United States,2015,7.119,85.3,78.6902439,61.0
15,Brazil,2015,6.983,72.72,74.332,25.0
16,Luxembourg,2015,6.946,85.9,82.29268293,43.0
17,Ireland,2015,6.94,86.0,81.45365854,56.0
18,Belgium,2015,6.937,86.38,80.99268293,40.0
19,United Arab Emirates,2015,6.901,66.57,79.223,50.0
20,United Kingdom,2015,6.867,86.65,80.95609756,57.0
21,Venezuela,2015,6.81,64.61,73.006,20.0
22,Singapore,2015,6.798,81.85,82.74390244,43.0
23,Panama,2015,6.786,72.27,77.468,39.0
24,Germany,2015,6.75,88.07,80.64146341,47.0
25,Chile,2015,6.67,79.47,79.746,40.0
26,France,2015,6.575,86.08,82.32195122,32.0
27,Argentina,2015,6.574,76.81,76.76,25.0
28,Czechia,2015,6.505,82.92,78.57804878,20.0
29,Uruguay,2015,6.485,79.58,77.483,31.0
30,Colombia,2015,6.477,69.78,76.257,35.0
31,Thailand,2015,6.455,67.1,77.717,48.0
32,Saudi Arabia,2015,6.411,59.33,76.918,40.0
33,Spain,2015,6.329,83.57,82.83170732,36.0
34,Malta,2015,6.302,81.68,81.89756098,51.0
35,Kuwait,2015,6.295,70.41,79.562,46.0
36,El Salvador,2015,6.13,64.27,71.814,23.0
37,Guatemala,2015,6.123,56.38,72.103,49.0
38,Uzbekistan,2015,6.003,58.3,70.475,44.0
39,Japan,2015,5.987,86.92,83.79390244,26.0
40,Ecuador,2015,5.975,69.53,76.789,20.0
41,Italy,2015,5.948,83.02,82.54390244,33.0
42,Bolivia,2015,5.89,64.21,67.318,35.0
43,Moldova,2015,5.889,70.3,69.24,23.0
44,Paraguay,2015,5.878,65.41,73.191,22.0
45,Kazakhstan,2015,5.855,67.71,71.97,37.0
46,Slovenia,2015,5.848,83.98,80.77560976,42.0
47,Lithuania,2015,5.833,81.88,74.32195122,17.0
48,Nicaragua,2015,5.828,61.98,72.983,34.0
49,Peru,2015,5.824,68.69,75.621,23.0
50,Belarus,2015,5.813,71.74,73.62439024,26.0
51,Poland,2015,5.791,80.69,77.45121951,31.0
52,Croatia,2015,5.759,79.23,77.27560976,36.0
53,Russia,2015,5.716,69.75,71.18341463,20.0
54,Jamaica,2015,5.709,70.6,72.394,47.0
55,Turkmenistan,2015,5.548,54.23,68.782,33.0
56,Mauritius,2015,5.477,74.36,74.35317073,41.0
57,Estonia,2015,5.429,83.92,77.5902439,26.0
58,Indonesia,2015,5.399,62.63,69.699,46.0
59,Vietnam,2015,5.36,64.79,73.876,31.0
60,Nigeria,2015,5.268,49.33,51.841,42.0
61,Azerbaijan,2015,5.212,61.07,71.451,22.0
62,Pakistan,2015,5.194,46.7,65.697,28.0
63,Jordan,2015,5.192,66.51,75.011,23.0
64,Montenegro,2015,5.192,73.49,76.44878049,27.0
65,China,2015,5.14,60.33,76.977,12.0
66,Zambia,2015,5.129,49.38,61.208,39.0
67,Romania,2015,5.124,74.84,74.91219512,28.0
68,Serbia,2015,5.123,72.59,75.28780488,23.0
69,Portugal,2015,5.102,83.15,81.12439024,30.0
70,Latvia,2015,5.098,80.37,74.4804878,24.0
71,Philippines,2015,5.073,65.91,71.268,40.0
72,Morocco,2015,5.013,61.43,72.92,21.0
73,Albania,2015,4.959,71.5,78.644,30.0
74,Bosnia and Herzegovina,2015,4.949,69.16,76.182,29.0
75,Dominican Republic,2015,4.885,65.63,72.953,42.0
76,Mongolia,2015,4.874,64.45,69.498,39.0
77,Greece,2015,4.857,81.32,81.03658537,17.0
78,Lebanon,2015,4.839,66.03,79.229,27.0
79,Hungary,2015,4.8,78.15,75.56829268,22.0
80,Honduras,2015,4.788,58.15,72.487,36.0
81,Tajikistan,2015,4.786,53.53,69.306,33.0
82,Tunisia,2015,4.739,68.95,75.692,17.0
83,Bangladesh,2015,4.694,51.0,70.491,27.0
84,Iran,2015,4.686,61.06,75.124,43.0
85,Ukraine,2015,4.681,70.16,71.1895122,29.0
86,Iraq,2015,4.677,51.05,69.44,42.0
87,South Africa,2015,4.642,66.15,63.95,40.0
88,Ghana,2015,4.633,59.66,63.175,35.0
89,Zimbabwe,2015,4.61,50.6,59.591,29.0
90,Liberia,2015,4.571,46.11,59.148,45.0
91,India,2015,4.565,55.48,69.636,25.0
92,Haiti,2015,4.518,43.4,63.237,36.0
93,Nepal,2015,4.514,55.54,67.456,32.0
94,Ethiopia,2015,4.512,41.33,63.649,27.0
95,Sierra Leone,2015,4.507,43.99,57.189,38.0
96,Mauritania,2015,4.436,42.89,64.485,24.0
97,Kenya,2015,4.419,53.54,61.892,52.0
98,Armenia,2015,4.35,69.67,74.436,19.0
99,Botswana,2015,4.332,61.81,63.818,38.0
100,Myanmar,2015,4.307,48.1,65.561,66.0
101,Georgia,2015,4.297,71.84,73.297,23.0
102,Malawi,2015,4.292,49.69,61.378,42.0
103,Sri Lanka,2015,4.271,64.7,74.927,56.0
104,Cameroon,2015,4.252,48.43,59.658,28.0
105,Bulgaria,2015,4.218,74.16,74.61463415,23.0
106,Egypt,2015,4.194,54.64,70.483,23.0
107,Yemen,2015,4.077,40.22,65.873,15.0
108,Mali,2015,3.995,45.9,58.363,22.0
109,Uganda,2015,3.931,47.15,61.086,37.0
110,Senegal,2015,3.904,54.49,66.879,30.0
111,Gabon,2015,3.896,59.45,65.46,24.0
112,Niger,2015,3.845,40.57,61.083,19.0
113,Cambodia,2015,3.819,51.91,69.873,26.0
114,Tanzania,2015,3.781,48.73,64.651,30.0
115,Madagascar,2015,3.681,45.09,64.339,26.0
116,Chad,2015,3.667,30.81,51.589,19.0
117,Guinea,2015,3.656,39.01,58.134,31.0
118,Burkina Faso,2015,3.587,46.66,58.845,25.0
119,Afghanistan,2015,3.575,36.58,62.659,30.0
120,Rwanda,2015,3.465,49.83,65.298,19.0
121,Benin,2015,3.34,53.18,59.377,19.0
122,Togo,2015,2.839,47.87,59.396,19.0
123,Denmark,2016,7.526,89.7,80.85365854,47.0
124,Switzerland,2016,7.509,88.2,83.60243902,46.0
125,Iceland,2016,7.501,88.71,82.20487805,49.0
126,Norway,2016,7.498,89.38,82.40731707,50.0
127,Finland,2016,7.413,89.33,81.42926829,46.0
128,Canada,2016,7.404,87.25,81.92487805,56.0
129,Netherlands,2016,7.339,89.3,81.56097561,52.0
130,New Zealand,2016,7.334,86.79,81.65853659,59.0
131,Australia,2016,7.313,87.7,82.44878049,60.0
132,Sweden,2016,7.291,88.65,82.30731707,45.0
133,Israel,2016,7.267,81.44,82.40731707,41.0
134,Austria,2016,7.119,86.59,81.64146341,43.0
135,United States,2016,7.104,85.42,78.53902439,61.0
136,Costa Rica,2016,7.087,79.12,79.459,37.0
137,Germany,2016,6.994,88.37,80.9902439,47.0
138,Brazil,2016,6.952,72.93,74.442,34.0
139,Belgium,2016,6.929,86.68,81.43902439,43.0
140,Ireland,2016,6.907,86.44,81.65365854,54.0
141,Luxembourg,2016,6.871,86.77,82.68536585,39.0
142,Mexico,2016,6.778,68.49,74.412,26.0
143,Singapore,2016,6.739,82.26,82.84634146,44.0
144,United Kingdom,2016,6.725,86.62,81.15609756,54.0
145,Chile,2016,6.705,79.44,80.079,38.0
146,Panama,2016,6.701,72.33,77.653,43.0
147,Argentina,2016,6.65,76.97,76.308,30.0
148,Czechia,2016,6.596,83.45,79.02682927,23.0
149,United Arab Emirates,2016,6.573,67.76,79.335,53.0
150,Uruguay,2016,6.545,79.74,77.571,37.0
151,Malta,2016,6.488,82.12,82.45365854,49.0
152,Colombia,2016,6.481,70.07,76.471,33.0
153,France,2016,6.478,85.97,82.57317073,31.0
154,Thailand,2016,6.474,66.9,78.049,42.0
155,Saudi Arabia,2016,6.379,60.27,77.064,41.0
156,Spain,2016,6.361,83.99,83.32926829,32.0
157,Guatemala,2016,6.324,56.74,72.355,43.0
158,Kuwait,2016,6.239,71.05,79.701,48.0
159,Venezuela,2016,6.084,63.82,72.058,23.0
160,El Salvador,2016,6.068,63.77,72.025,30.0
161,Nicaragua,2016,5.992,61.83,73.256,33.0
162,Uzbekistan,2016,5.987,58.71,70.755,52.0
163,Italy,2016,5.977,82.98,83.24390244,30.0
164,Ecuador,2016,5.976,70.06,76.763,27.0
165,Japan,2016,5.921,87.07,83.98487805,24.0
166,Kazakhstan,2016,5.919,68.21,72.41,27.0
167,Moldova,2016,5.897,70.27,69.917,24.0
168,Russia,2016,5.856,70.05,71.65121951,22.0
169,Poland,2016,5.835,81.02,77.85121951,25.0
170,Bolivia,2016,5.822,64.45,67.628,33.0
171,Lithuania,2016,5.813,82.15,74.67073171,22.0
172,Belarus,2016,5.802,72.22,73.82682927,27.0
173,Slovenia,2016,5.768,83.92,81.17560976,41.0
174,Peru,2016,5.743,69.28,75.789,36.0
175,Turkmenistan,2016,5.658,54.01,68.777,50.0
176,Mauritius,2016,5.648,74.7,74.39487805,37.6111111111111
177,Latvia,2016,5.56,80.51,74.5804878,24.0
178,Paraguay,2016,5.538,65.92,73.534,27.0
179,Romania,2016,5.528,75.4,75.2097561,28.0
180,Estonia,2016,5.517,84.21,77.64146341,23.0
181,Jamaica,2016,5.51,71.1,72.02,46.14285714285714
182,Croatia,2016,5.488,79.63,78.02195122,22.0
183,Indonesia,2016,5.314,63.61,69.798,56.0
184,Jordan,2016,5.303,67.06,75.215,33.0
185,Azerbaijan,2016,5.291,61.5,72.004,21.0
186,Philippines,2016,5.279,66.32,71.387,40.0
187,China,2016,5.245,60.99,77.218,11.0
188,Serbia,2016,5.177,73.2,75.68780488,20.0
189,Bosnia and Herzegovina,2016,5.163,69.71,76.808,21.0
190,Montenegro,2016,5.161,73.49,76.44146341,20.0
191,Dominican Republic,2016,5.155,65.59,72.987,42.0
192,Morocco,2016,5.151,61.51,73.284,22.0
193,Hungary,2016,5.145,78.07,76.06341463,20.0
194,Pakistan,2016,5.132,47.19,65.88,29.0
195,Lebanon,2016,5.129,66.56,79.505,31.0
196,Portugal,2016,5.123,83.57,81.12439024,29.0
197,Vietnam,2016,5.061,65.18,73.938,36.0
198,Tunisia,2016,5.045,69.02,75.786,23.0
199,Greece,2016,5.033,81.74,81.38780488,19.0
200,Tajikistan,2016,4.996,53.42,69.549,30.0
201,Mongolia,2016,4.907,65.29,69.865,44.0
202,Nigeria,2016,4.875,50.09,52.043,38.0
203,Honduras,2016,4.871,58.63,72.588,33.0
204,Iran,2016,4.813,61.93,75.6,41.0
205,Zambia,2016,4.795,49.64,61.794,36.0
206,Nepal,2016,4.793,56.43,68.776,42.0
207,Albania,2016,4.655,71.94,78.86,26.0
208,Bangladesh,2016,4.643,51.91,71.09,28.0
209,Sierra Leone,2016,4.635,45.08,58.404,40.0
210,Iraq,2016,4.575,51.61,68.988,43.0
211,Namibia,2016,4.574,60.44,61.682,31.642857142857142
212,Cameroon,2016,4.513,49.12,60.233,39.0
213,Ethiopia,2016,4.508,42.14,64.392,30.0
214,South Africa,2016,4.459,66.56,64.747,37.0
215,Sri Lanka,2016,4.415,66.52,75.331,57.0
216,India,2016,4.404,55.25,70.117,29.0
217,Myanmar,2016,4.395,50.89,65.685,70.0
218,Egypt,2016,4.362,55.06,70.844,24.0
219,Armenia,2016,4.36,70.33,74.664,21.0
220,Kenya,2016,4.356,54.08,62.163,52.0
221,Ukraine,2016,4.324,70.48,71.47634146,26.0
222,Ghana,2016,4.276,60.3,63.89,33.0
223,Georgia,2016,4.252,72.63,73.569,23.0
224,Senegal,2016,4.219,55.27,67.497,28.0
225,Bulgaria,2016,4.217,74.43,74.81219512,21.0
226,Mauritania,2016,4.201,43.18,64.768,29.0
227,Zimbabwe,2016,4.193,50.48,60.306,25.0
228,Malawi,2016,4.156,50.53,62.209,42.0
229,Gabon,2016,4.121,59.94,65.802,29.0
230,Mali,2016,4.073,46.44,58.731,27.0
231,Haiti,2016,4.028,43.39,63.392,38.0
232,Botswana,2016,3.974,62.6,65.464,38.0
233,Cambodia,2016,3.907,52.64,70.224,27.0
234,Niger,2016,3.856,41.11,61.629,24.0
235,Chad,2016,3.763,31.7,52.083,24.0
236,Burkina Faso,2016,3.739,47.5,59.326,33.0
237,Uganda,2016,3.739,47.39,61.648,44.0
238,Yemen,2016,3.724,37.94,66.064,17.0
239,Madagascar,2016,3.695,45.69,64.997,20.0
240,Tanzania,2016,3.666,49.65,65.386,37.0
241,Liberia,2016,3.622,47.17,60.416,38.0
242,Guinea,2016,3.607,39.72,58.763,34.0
243,Rwanda,2016,3.515,50.67,65.737,23.0
244,Benin,2016,3.484,53.0,59.539,27.0
245,Afghanistan,2016,3.36,37.57,63.136,32.0
246,Togo,2016,3.303,48.76,59.55,26.0
247,Norway,2017,7.53700017929077,89.85,82.6097561,45.0
248,Denmark,2017,7.52199983596802,90.14,81.10243902,44.0
249,Iceland,2017,7.50400018692017,89.1,82.66097561,46.0
250,Switzerland,2017,7.49399995803833,88.74,83.55121951,41.0
251,Finland,2017,7.4689998626709,89.98,81.63170732,40.0
252,Netherlands,2017,7.3769998550415,89.24,81.76097561,51.0
253,Canada,2017,7.31599998474121,87.73,81.83292683,54.0
254,New Zealand,2017,7.31400012969971,87.3,81.85853659,57.0
255,Sweden,2017,7.28399991989136,88.91,82.4097561,41.0
256,Australia,2017,7.28399991989136,87.88,82.5,56.0
257,Israel,2017,7.21299982070923,81.49,82.55121951,41.0
258,Costa Rica,2017,7.0789999961853,79.2,79.377,38.0
259,Austria,2017,7.00600004196167,87.41,81.64390244,42.0
260,United States,2017,6.99300003051758,85.21,78.53902439,56.0
261,Ireland,2017,6.97700023651123,87.01,82.15609756,53.0
262,Germany,2017,6.95100021362305,88.61,80.99268293,45.0
263,Belgium,2017,6.89099979400635,86.86,81.49268293,35.0
264,Luxembourg,2017,6.86299991607666,87.2,82.09512195,38.0
265,United Kingdom,2017,6.71400022506714,86.73,81.25609756,50.0
266,Chile,2017,6.65199995040894,79.52,80.35,37.0
267,United Arab Emirates,2017,6.64799976348877,68.43,79.504,51.0
268,Brazil,2017,6.63500022888184,72.62,74.827,32.0
269,Czechia,2017,6.60900020599365,84.17,78.97804878,18.0
270,Argentina,2017,6.59899997711182,77.14,76.833,30.0
271,Mexico,2017,6.57800006866455,69.46,74.138,26.0
272,Singapore,2017,6.57200002670288,82.79,83.09512195,41.0
273,Malta,2017,6.52699995040894,82.92,82.34634146,48.0
274,Uruguay,2017,6.4539999961853,79.3,77.625,34.0
275,Guatemala,2017,6.4539999961853,58.76,72.551,39.0
276,Panama,2017,6.4520001411438,72.75,77.795,35.0
277,France,2017,6.44199991226196,85.78,82.57560976,33.0
278,Thailand,2017,6.42399978637695,67.19,78.394,46.0
279,Spain,2017,6.40299987792969,84.61,83.28292683,33.0
280,Colombia,2017,6.35699987411499,70.39,76.646,34.0
281,Saudi Arabia,2017,6.3439998626709,61.49,77.16,37.0
282,Kuwait,2017,6.10500001907349,71.9,79.781,41.0
283,Nicaragua,2017,6.07100009918213,62.73,73.554,30.0
284,Ecuador,2017,6.00799989700317,70.46,76.972,36.0
285,El Salvador,2017,6.00299978256226,63.63,72.311,27.0
286,Poland,2017,5.97300004959106,81.33,77.75365854,26.0
287,Uzbekistan,2017,5.97100019454956,59.89,71.01,40.0
288,Italy,2017,5.96400022506714,83.61,82.94634146,30.0
289,Russia,2017,5.96299982070923,70.3,72.45146341,20.0
290,Japan,2017,5.92000007629395,87.33,84.0997561,24.0
291,Lithuania,2017,5.90199995040894,82.68,75.4804878,16.0
292,Latvia,2017,5.84999990463257,80.26,74.62926829,18.0
293,Moldova,2017,5.83799982070923,70.36,70.516,27.0
294,Romania,2017,5.82499980926514,76.0,75.3097561,31.0
295,Bolivia,2017,5.82299995422363,65.13,67.701,33.0
296,Turkmenistan,2017,5.82200002670288,53.87,68.916,33.0
297,Kazakhstan,2017,5.81899976730347,68.67,72.95,30.0
298,Slovenia,2017,5.75799989700317,84.88,81.02926829,34.0
299,Peru,2017,5.71500015258789,69.43,75.879,30.0
300,Mauritius,2017,5.62900018692017,75.39,74.51463415,42.0
301,Estonia,2017,5.61100006103516,84.61,78.09268293,27.0
302,Belarus,2017,5.56899976730347,73.43,74.12926829,22.0
303,Paraguay,2017,5.49300003051758,67.24,73.644,21.0
304,Philippines,2017,5.42999982833862,66.19,71.516,36.0
305,Serbia,2017,5.39499998092651,74.67,75.53902439,18.0
306,Jordan,2017,5.33599996566772,67.59,75.502,32.0
307,Hungary,2017,5.32399988174438,78.16,75.81707317,21.0
308,Jamaica,2017,5.31099987030029,71.53,71.911,41.71428571428571
309,Croatia,2017,5.29300022125244,80.72,77.82682927,20.0
310,China,2017,5.27299976348877,62.04,77.248,14.0
311,Pakistan,2017,5.26900005340576,47.7,66.297,31.0
312,Indonesia,2017,5.26200008392334,64.47,69.936,60.0
313,Venezuela,2017,5.25,62.74,71.943,23.0
314,Montenegro,2017,5.23699998855591,74.36,76.48536585,25.0
315,Morocco,2017,5.2350001335144,62.28,73.66,18.0
316,Azerbaijan,2017,5.23400020599365,61.96,72.248,19.0
317,Dominican Republic,2017,5.23000001907349,65.93,73.063,41.0
318,Greece,2017,5.22700023651123,81.43,81.28780488,24.0
319,Lebanon,2017,5.22499990463257,67.47,79.654,31.0
320,Portugal,2017,5.19500017166138,83.85,81.42439024,26.0
321,Bosnia and Herzegovina,2017,5.18200016021729,70.61,76.935,34.0
322,Honduras,2017,5.18100023269653,59.31,72.692,39.0
323,Vietnam,2017,5.07399988174438,66.1,73.963,23.0
324,Nigeria,2017,5.07399988174438,51.08,52.305,42.0
325,Tajikistan,2017,5.04099988937378,53.77,69.905,36.0
326,Nepal,2017,4.96199989318848,57.6,68.91,36.0
327,Mongolia,2017,4.95499992370605,65.84,70.237,42.0
328,South Africa,2017,4.8289999961853,67.26,65.402,43.0
329,Tunisia,2017,4.80499982833862,69.37,75.845,28.0
330,Egypt,2017,4.7350001335144,55.45,71.302,25.0
331,Bulgaria,2017,4.71400022506714,75.57,74.81463415,19.0
332,Sierra Leone,2017,4.70900011062622,45.84,58.652,49.0
333,Cameroon,2017,4.69500017166138,49.67,60.81,33.0
334,Iran,2017,4.69199991226196,62.52,75.971,45.0
335,Albania,2017,4.64400005340576,72.57,79.047,27.0
336,Bangladesh,2017,4.60799980163574,52.81,71.788,18.0
337,Namibia,2017,4.57399988174438,60.72,62.293,30.71428571428571
338,Kenya,2017,4.55299997329712,54.46,62.481,60.0
339,Myanmar,2017,4.54500007629395,52.9,65.843,65.0
340,Senegal,2017,4.53499984741211,55.42,67.75,31.0
341,Zambia,2017,4.51399993896484,50.43,62.12,45.0
342,Iraq,2017,4.49700021743774,52.95,70.413,39.0
343,Gabon,2017,4.46500015258789,60.21,66.189,27.0
344,Ethiopia,2017,4.46000003814697,43.46,64.838,25.0
345,Sri Lanka,2017,4.44000005722046,67.8,75.403,52.426470588235304
346,Armenia,2017,4.37599992752075,70.78,74.906,20.0
347,India,2017,4.31500005722046,56.5,70.467,31.0
348,Mauritania,2017,4.29199981689453,43.5,65.083,18.0
349,Georgia,2017,4.28599977493286,73.17,73.57,18.0
350,Mali,2017,4.19000005722046,46.38,59.132,24.0
351,Cambodia,2017,4.16800022125244,52.92,70.515,18.0
352,Ghana,2017,4.11999988555908,61.03,64.013,43.0
353,Ukraine,2017,4.09600019454956,71.79,71.78097561,29.0
354,Uganda,2017,4.08099985122681,47.48,62.115,44.0
355,Burkina Faso,2017,4.03200006484985,47.92,59.536,30.0
356,Niger,2017,4.02799987792969,41.32,62.16,22.0
357,Malawi,2017,3.97000002861023,51.09,62.977,40.0
358,Chad,2017,3.93600010871887,32.34,52.308,27.0
359,Zimbabwe,2017,3.875,50.45,60.709,32.0
360,Afghanistan,2017,3.79399991035461,37.87,63.016,30.0
361,Botswana,2017,3.76600003242493,63.18,66.753,28.0
362,Benin,2017,3.65700006484985,53.62,59.856,24.0
363,Madagascar,2017,3.64400005340576,45.37,65.094,18.0
364,Haiti,2017,3.6029999256134,43.81,63.854,36.0
365,Yemen,2017,3.59299993515015,37.73,65.957,13.0
366,Liberia,2017,3.53299999237061,48.34,60.553,46.0
367,Guinea,2017,3.50699996948242,40.89,59.109,27.0
368,Togo,2017,3.49499988555908,50.27,60.154,25.0
369,Rwanda,2017,3.47099995613098,50.19,65.941,26.0
370,Tanzania,2017,3.34899997711182,51.04,65.999,34.0
371,Finland,2018,7.632,89.96,81.73414634,40.0
372,Norway,2018,7.594,90.13,82.75853659,50.0
373,Denmark,2018,7.555,90.24,80.95365854,46.0
374,Iceland,2018,7.495,89.15,82.86097561,48.0
375,Switzerland,2018,7.487,88.86,83.75365854,45.0
376,Netherlands,2018,7.441,89.25,81.81219512,51.0
377,Canada,2018,7.328,87.94,81.84390244,49.0
378,New Zealand,2018,7.324,87.25,81.70731707,58.0
379,Sweden,2018,7.314,88.73,82.55853659,41.0
380,Australia,2018,7.272,87.86,82.74878049,59.0
381,United Kingdom,2018,7.19,86.89,81.25609756,55.0
382,Austria,2018,7.139,87.46,81.69268293,44.0
383,Costa Rica,2018,7.072,79.56,79.484,34.0
384,Ireland,2018,6.977,87.31,82.20487805,56.0
385,Germany,2018,6.965,88.52,80.89268293,46.0
386,Belgium,2018,6.927,86.8,81.59512195,41.0
387,Luxembourg,2018,6.91,87.31,82.29512195,41.0
388,United States,2018,6.886,84.99,78.63902439,58.0
389,Israel,2018,6.814,81.26,82.80243902,42.0
390,United Arab Emirates,2018,6.774,68.68,79.627,51.0
391,Czechia,2018,6.711,84.12,79.02926829,22.0
392,Malta,2018,6.627,82.94,82.44878049,47.0
393,France,2018,6.489,85.94,82.67560976,32.0
394,Mexico,2018,6.488,69.9,74.015,24.0
395,Chile,2018,6.476,79.95,80.133,34.0
396,Panama,2018,6.43,73.12,77.863,30.0
397,Brazil,2018,6.419,72.12,75.109,23.0
398,Argentina,2018,6.388,77.26,76.999,28.0
399,Guatemala,2018,6.382,59.26,72.726,34.0
400,Uruguay,2018,6.379,79.31,77.611,30.0
401,Saudi Arabia,2018,6.371,61.97,77.212,37.0
402,Singapore,2018,6.343,82.83,83.29756098,54.0
403,Spain,2018,6.31,84.76,83.43170732,36.0
404,Colombia,2018,6.26,70.58,76.748,29.0
405,El Salvador,2018,6.167,63.96,72.555,22.0
406,Nicaragua,2018,6.141,62.58,73.85,33.0
407,Poland,2018,6.123,80.99,77.60243902,24.0
408,Uzbekistan,2018,6.096,61.5,71.149,36.0
409,Kuwait,2018,6.083,72.2,79.722,43.0
410,Thailand,2018,6.072,67.83,78.662,34.0
411,Italy,2018,6.0,84.1,83.34634146,33.0
412,Ecuador,2018,5.973,71.36,77.094,24.0
413,Lithuania,2018,5.952,82.71,75.6804878,19.0
414,Slovenia,2018,5.948,84.85,81.37804878,39.0
415,Romania,2018,5.945,75.55,75.35853659,27.0
416,Latvia,2018,5.933,80.72,74.78292683,19.0
417,Japan,2018,5.915,87.6,84.21097561,22.0
418,Mauritius,2018,5.891,76.0,74.41634146,46.0
419,Jamaica,2018,5.89,72.08,71.793,36.0
420,Russia,2018,5.81,70.81,72.66219512,25.0
421,Kazakhstan,2018,5.79,68.89,73.15,28.0
422,Bolivia,2018,5.752,65.72,67.748,28.0
423,Estonia,2018,5.739,84.91,78.24390244,26.0
424,Paraguay,2018,5.681,67.42,73.568,34.0
425,Peru,2018,5.663,70.06,76.009,27.0
426,Moldova,2018,5.64,70.02,70.492,27.0
427,Turkmenistan,2018,5.636,54.11,68.796,40.0
428,Hungary,2018,5.62,78.11,76.06585366,23.0
429,Philippines,2018,5.524,66.55,71.689,28.0
430,Honduras,2018,5.504,59.37,72.814,39.0
431,Belarus,2018,5.483,73.84,74.17560976,23.0
432,Pakistan,2018,5.472,48.18,66.482,28.0
433,Portugal,2018,5.41,84.09,81.32439024,28.0
434,Serbia,2018,5.398,74.93,75.8902439,21.0
435,Greece,2018,5.358,81.75,81.78780488,17.0
436,Lebanon,2018,5.358,66.96,79.729,28.0
437,Montenegro,2018,5.347,74.14,76.84146341,24.0
438,Croatia,2018,5.321,80.86,78.07073171,20.0
439,Dominican Republic,2018,5.302,66.17,73.232,39.0
440,Morocco,2018,5.254,62.6,73.986,26.0
441,China,2018,5.246,62.45,77.744,17.0
442,Azerbaijan,2018,5.201,62.53,72.76,18.0
443,Tajikistan,2018,5.199,54.22,70.353,42.0
444,Jordan,2018,5.161,67.88,75.774,30.0
445,Nigeria,2018,5.155,51.39,52.554,48.0
446,Bosnia and Herzegovina,2018,5.129,70.9,77.093,28.0
447,Mongolia,2018,5.125,65.67,71.199,39.0
448,Vietnam,2018,5.103,67.0,73.976,18.115384615384627
449,Indonesia,2018,5.093,65.03,70.338,59.0
450,Cameroon,2018,4.975,49.47,61.18,34.0
451,Bulgaria,2018,4.933,75.66,74.96341463,22.0
452,Nepal,2018,4.88,58.5,68.979,37.0
453,Venezuela,2018,4.806,61.39,71.979,26.0
454,Gabon,2018,4.758,60.34,66.306,24.0
455,South Africa,2018,4.724,66.7,65.674,41.0
456,Iran,2018,4.707,62.37,76.195,45.0
457,Ghana,2018,4.657,61.41,64.122,42.0
458,Senegal,2018,4.631,55.71,68.097,28.0
459,Tunisia,2018,4.592,69.74,75.95,20.0
460,Albania,2018,4.586,72.58,79.184,26.0
461,Sierra Leone,2018,4.571,46.53,59.796,47.0
462,Bangladesh,2018,4.5,53.45,72.567,31.0
463,Sri Lanka,2018,4.471,68.15,75.748,45.0
464,Iraq,2018,4.456,53.68,71.514,43.0
465,Mali,2018,4.447,45.81,59.393,28.0
466,Namibia,2018,4.441,61.0,62.586,32.0
467,Cambodia,2018,4.433,53.34,70.561,18.0
468,Burkina Faso,2018,4.424,48.52,60.047,29.0
469,Egypt,2018,4.419,55.85,71.367,26.0
470,Kenya,2018,4.41,54.78,62.676,54.0
471,Zambia,2018,4.377,51.01,62.342,46.0
472,Mauritania,2018,4.356,43.13,65.31,20.0
473,Ethiopia,2018,4.35,45.08,65.412,27.0
474,Georgia,2018,4.34,73.54,73.341,24.0
475,Armenia,2018,4.321,71.13,75.064,23.0
476,Myanmar,2018,4.308,54.43,66.465,54.0
477,Chad,2018,4.301,32.34,52.825,27.0
478,India,2018,4.19,57.22,70.71,22.0
479,Niger,2018,4.166,40.89,62.454,32.0
480,Uganda,2018,4.161,47.61,62.714,39.0
481,Benin,2018,4.141,53.74,60.14,26.0
482,Ukraine,2018,4.103,71.89,71.58268293,29.0
483,Togo,2018,3.999,50.09,60.244,24.0
484,Guinea,2018,3.964,41.08,59.349,32.0
485,Madagascar,2018,3.774,45.26,65.27,27.0
486,Zimbabwe,2018,3.692,51.18,61.414,30.0
487,Afghanistan,2018,3.632,38.85,63.081,19.0
488,Botswana,2018,3.59,63.78,65.422,27.0
489,Malawi,2018,3.587,51.65,63.276,35.0
490,Haiti,2018,3.582,43.93,64.019,49.0
491,Liberia,2018,3.495,48.32,60.853,47.0
492,Rwanda,2018,3.408,50.32,66.251,26.0
493,Yemen,2018,3.355,37.67,64.575,15.0
494,Tanzania,2018,3.303,51.96,66.535,28.0
495,Finland,2019,7.769,90.48,81.98292683,37.3264248704663
496,Denmark,2019,7.6,90.56,81.45121951,43.466321243523296
497,Norway,2019,7.554,90.78,82.95853659,47.69948186528495
498,Iceland,2019,7.494,89.5,83.16341463,44.08
499,Netherlands,2019,7.488,89.39,82.11219512,45.85492227979273
500,Switzerland,2019,7.48,89.6,83.90487805,41.48704663212433
501,Sweden,2019,7.343,89.22,83.1097561,38.274611398963714
502,New Zealand,2019,7.307,87.37,82.05609756,54.58549222797926
503,Canada,2019,7.278,87.96,82.22878049,41.76165803108807
504,Austria,2019,7.246,87.43,81.89512195,40.52849740932641
505,Australia,2019,7.228,88.12,82.9,57.2124352331606
506,Costa Rica,2019,7.167,79.84,79.427,28.55440414507771
507,Israel,2019,7.139,81.74,82.80487805,37.41450777202072
508,Luxembourg,2019,7.09,87.92,82.63902439,48.99999999999994
509,United Kingdom,2019,7.054,86.53,81.40487805,53.025906735751285
510,Ireland,2019,7.021,87.78,82.70243902,51.7564766839378
511,Germany,2019,6.985,88.77,81.29268293,40.63212435233159
512,Belgium,2019,6.923,87.12,81.99512195,52.18181818181817
513,United States,2019,6.892,85.14,78.78780488,52.86010362694299
514,Czechia,2019,6.852,84.48,79.22926829,23.585492227979262
515,United Arab Emirates,2019,6.825,69.69,79.726,48.91709844559584
516,Malta,2019,6.726,83.23,82.85853659,40.062176165803095
517,Mexico,2019,6.595,70.81,74.202,23.145077720207244
518,France,2019,6.592,86.35,82.82682927,28.290155440414495
519,Chile,2019,6.444,79.88,80.326,34.16580310880828
520,Guatemala,2019,6.436,59.67,73.129,24.999999999999986
521,Saudi Arabia,2019,6.375,62.92,77.304,36.756476683937805
522,Spain,2019,6.354,85.49,83.83170732,34.02072538860102
523,Panama,2019,6.321,73.79,77.81,29.488888888888866
524,Brazil,2019,6.3,72.09,75.338,20.341968911917093
525,Uruguay,2019,6.293,80.13,77.508,27.75647668393782
526,Singapore,2019,6.262,83.36,83.59512195,75.39999999999999
527,El Salvador,2019,6.253,64.58,72.559,21.652849740932634
528,Italy,2019,6.223,84.41,83.49756098,30.284974093264236
529,Poland,2019,6.182,81.22,77.90487805,25.072538860103617
530,Uzbekistan,2019,6.174,62.39,71.344,36.95336787564766
531,Lithuania,2019,6.149,82.93,76.28292683,22.01554404145077
532,Colombia,2019,6.125,70.73,76.752,26.953367875647654
533,Slovenia,2019,6.118,85.35,81.52926829,37.34715025906734
534,Nicaragua,2019,6.105,60.25,74.054,35.26943005181346
535,Argentina,2019,6.086,77.62,77.284,25.715025906735736
536,Romania,2019,6.07,75.8,75.60731707,24.740932642487035
537,Ecuador,2019,6.028,71.81,77.297,16.699481865284966
538,Kuwait,2019,6.021,72.76,79.685,71.99999999999994
539,Thailand,2019,6.008,68.54,78.975,30.715025906735733
540,Latvia,2019,5.94,81.32,75.38780488,21.041450777202066
541,Estonia,2019,5.893,85.29,78.64634146,24.45077720207253
542,Jamaica,2019,5.89,72.63,71.767,31.285714285714278
543,Mauritius,2019,5.888,76.56,74.23585366,43.66666666666667
544,Japan,2019,5.886,87.68,84.35634146,17.06735751295336
545,Honduras,2019,5.86,60.97,72.881,34.3111111111111
546,Kazakhstan,2019,5.809,69.42,73.18,25.59067357512952
547,Bolivia,2019,5.779,66.45,67.841,26.16062176165802
548,Hungary,2019,5.758,78.32,76.3195122,24.414507772020716
549,Paraguay,2019,5.743,67.85,73.621,42.14507772020724
550,Peru,2019,5.697,71.04,76.156,27.47668393782382
551,Portugal,2019,5.693,85.0,81.67560976,26.13471502590673
552,Pakistan,2019,5.653,49.08,66.756,24.943005181347143
553,Russia,2019,5.648,71.54,73.08390244,27.538860103626934
554,Philippines,2019,5.631,67.62,71.865,23.70466321243522
555,Serbia,2019,5.603,75.32,75.93658537,24.44559585492227
556,Moldova,2019,5.529,71.29,70.935,29.829015544041443
557,Montenegro,2019,5.523,74.39,76.68292683,19.818181818181813
558,Tajikistan,2019,5.467,55.53,70.867,45.88601036269429
559,Croatia,2019,5.432,80.86,78.42439024,21.481865284974084
560,Dominican Republic,2019,5.425,67.16,73.577,37.34715025906734
561,Bosnia and Herzegovina,2019,5.386,70.47,77.241,23.59067357512952
562,Belarus,2019,5.323,75.09,74.22682927,42.000000000000014
563,Greece,2019,5.287,82.17,81.63902439,14.606217616580304
564,Mongolia,2019,5.285,66.12,71.822,38.886010362694286
565,Nigeria,2019,5.265,52.03,52.91,52.020725388601015
566,Turkmenistan,2019,5.247,55.0,69.002,129.0
567,Morocco,2019,5.208,62.78,74.27,28.06217616580311
568,Azerbaijan,2019,5.208,62.39,73.102,19.99999999999999
569,Lebanon,2019,5.197,66.89,79.236,25.6062176165803
570,Indonesia,2019,5.192,65.99,70.518,61.0621761658031
571,China,2019,5.191,63.31,77.968,18.642487046632112
572,Vietnam,2019,5.175,67.48,74.093,22.61538461538463
573,Cameroon,2019,5.044,50.02,61.584,38.66321243523316
574,Bulgaria,2019,5.011,76.26,75.11219512,26.886010362694293
575,Ghana,2019,4.996,62.59,64.74,42.39896373056993
576,Nepal,2019,4.913,59.4,69.558,39.06735751295336
577,Jordan,2019,4.906,68.36,76.044,27.279792746113976
578,Benin,2019,4.883,54.05,60.454,27.678756476683937
579,Gabon,2019,4.799,60.75,66.603,22.098445595854912
580,South Africa,2019,4.722,67.6,66.175,40.362694300518115
581,Albania,2019,4.719,73.27,79.282,27.046632124352325
582,Venezuela,2019,4.707,60.38,72.161,28.16580310880828
583,Cambodia,2019,4.7,54.34,70.692,23.129533678756474
584,Senegal,2019,4.681,56.08,68.526,27.264248704663203
585,Namibia,2019,4.639,61.25,63.075,34.285714285714285
586,Niger,2019,4.628,41.95,62.897,72.99999999999997
587,Burkina Faso,2019,4.587,50.25,60.039,31.177777777777752
588,Armenia,2019,4.559,72.93,75.439,28.733333333333327
589,Iran,2019,4.548,64.0,76.103,42.28497409326424
590,Guinea,2019,4.534,42.37,59.72,45.88888888888888
591,Georgia,2019,4.519,74.19,73.47,33.062176165803095
592,Kenya,2019,4.509,55.51,62.943,50.89119170984455
593,Mauritania,2019,4.49,45.05,65.687,63.999999999999986
594,Tunisia,2019,4.461,70.14,75.993,18.362694300518125
595,Bangladesh,2019,4.456,54.9,72.806,54.18181818181818
596,Iraq,2019,4.437,54.69,71.576,44.59067357512952
597,Mali,2019,4.39,46.31,59.664,29.901554404145067
598,Sierra Leone,2019,4.374,48.8,60.255,37.42222222222221
599,Sri Lanka,2019,4.366,69.42,76.008,37.485294117647065
600,Myanmar,2019,4.36,55.7,66.61,48.51813471502588
601,Chad,2019,4.35,32.55,53.259,22.999999999999957
602,Ukraine,2019,4.332,72.38,71.82731707,31.331606217616578
603,Ethiopia,2019,4.286,46.67,65.838,34.54545454545455
604,Uganda,2019,4.189,47.96,62.991,38.626943005181346
605,Egypt,2019,4.166,57.01,71.358,29.880829015544037
606,Zambia,2019,4.107,51.21,62.793,43.48704663212433
607,Togo,2019,4.085,51.42,60.901,24.5111111111111
608,India,2019,4.015,58.44,70.91,24.124352331606207
609,Liberia,2019,3.975,48.77,61.104,18.999999999999943
610,Madagascar,2019,3.933,45.96,65.882,53.99999999999999
611,Zimbabwe,2019,3.663,51.39,61.292,31.0880829015544
612,Haiti,2019,3.597,44.91,64.255,95.99999999999994
613,Botswana,2019,3.488,63.98,65.464,53.99999999999997
614,Malawi,2019,3.41,51.86,64.119,29.28888888888887
615,Yemen,2019,3.38,37.97,65.092,35.00000000000001
616,Rwanda,2019,3.334,51.31,66.437,20.999999999999993
617,Tanzania,2019,3.231,52.54,66.989,29.96891191709843
618,Afghanistan,2019,3.203,39.23,63.565,4.488888888888861
619,Finland,2020,7.808700084686279,90.49,81.93170732,32.71761658031087
620,Denmark,2020,7.645599842071533,90.58,81.60243902,38.31088082901554
621,Switzerland,2020,7.559899806976318,89.84,83.0,32.65803108808289
622,Iceland,2020,7.504499912261963,89.54,83.06341463,37.72
623,Norway,2020,7.48799991607666,90.85,83.2097561,39.966321243523296
624,Netherlands,2020,7.44890022277832,89.27,81.35853659,39.06994818652849
625,Sweden,2020,7.353499889373779,89.37,82.35609756,34.349740932642476
626,New Zealand,2020,7.299600124359131,87.44,82.25609756,49.05699481865285
627,Austria,2020,7.29419994354248,88.01,81.19268293,34.85233160621761
628,Luxembourg,2020,7.237500190734863,87.78,82.14390244,62.9999999999998
629,Canada,2020,7.232100009918213,87.98,81.6704878,36.50777202072538
630,Australia,2020,7.222799777984619,88.2,83.2,51.80829015544042
631,United Kingdom,2020,7.164500236511231,86.3,80.35121951,45.6839378238342
632,Israel,2020,7.128600120544434,81.81,82.64878049,30.44300518134715
633,Costa Rica,2020,7.121399879455566,80.18,79.277,26.03626943005181
634,Ireland,2020,7.093699932098389,87.76,82.55609756,43.67098445595854
635,Germany,2020,7.075799942016602,89.0,81.04146341,32.5880829015544
636,United States,2020,6.939599990844727,85.27,76.9804878,44.40673575129534
637,Czechia,2020,6.910900115966797,84.77,78.22682927,24.056994818652846
638,Belgium,2020,6.863500118255615,87.09,80.69512195,51.272727272727266
639,United Arab Emirates,2020,6.790800094604492,70.59,78.946,45.611398963730565
640,Malta,2020,6.772799968719482,83.73,82.34878049,32.041450777202066
641,France,2020,6.66379976272583,86.39,82.17560976,24.86010362694301
642,Mexico,2020,6.465000152587891,71.32,70.133,25.4300518134715
643,Uruguay,2020,6.440100193023682,81.25,78.43,28.170984455958553
644,Saudi Arabia,2020,6.406499862670898,63.5,76.239,35.670984455958546
645,Spain,2020,6.400899887084961,85.77,82.33170732,29.347150259067355
646,Guatemala,2020,6.398900032043457,59.85,71.797,8.999999999999972
647,Italy,2020,6.387400150299072,85.05,82.19512195,24.523316062176157
648,Singapore,2020,6.377099990844727,83.46,84.46585366,90.69999999999997
649,Brazil,2020,6.37559986114502,71.37,74.009,25.2279792746114
650,Slovenia,2020,6.363399982452393,85.34,80.53170732,30.56476683937823
651,El Salvador,2020,6.348299980163574,65.43,71.061,25.43523316062176
652,Panama,2020,6.304800033569336,74.07,76.657,31.577777777777737
653,Uzbekistan,2020,6.257599830627441,63.99,70.331,38.968911917098445
654,Chile,2020,6.228499889373779,79.77,79.377,36.777202072538856
655,Lithuania,2020,6.215499877929688,83.44,74.97804878,24.010362694300518
656,Poland,2020,6.186299800872803,81.08,76.5,30.215025906735747
657,Colombia,2020,6.163400173187256,70.16,74.769,29.468911917098442
658,Nicaragua,2020,6.1371002197265625,60.56,71.795,36.012953367875646
659,Romania,2020,6.123700141906738,76.48,74.25365854,25.660621761658028
660,Kuwait,2020,6.102099895477295,73.19,76.92,145.9999999999998
661,Mauritius,2020,6.10129976272583,76.87,74.17707317,37.94444444444444
662,Kazakhstan,2020,6.057899951934815,70.33,71.37,25.393782383419687
663,Estonia,2020,6.0218000411987305,85.39,78.59512195,25.30051813471502
664,Philippines,2020,6.00600004196167,67.59,72.119,25.303108808290148
665,Hungary,2020,6.000400066375732,78.25,75.56829268,26.44300518134715
666,Thailand,2020,5.998799800872803,69.3,79.274,37.47668393782383
667,Argentina,2020,5.974699974060059,77.86,75.892,25.976683937823825
668,Honduras,2020,5.953199863433838,60.9,71.462,30.322222222222187
669,Latvia,2020,5.949999809265137,81.82,75.18536585,22.694300518134717
670,Ecuador,2020,5.92519998550415,71.78,72.153,19.466321243523314
671,Portugal,2020,5.910900115966797,85.1,80.97560976,21.75647668393782
672,Jamaica,2020,5.889800071716309,72.83,71.869,29.85714285714285
673,Japan,2020,5.870800018310547,87.83,84.56,12.37823834196891
674,Peru,2020,5.796800136566162,70.85,73.665,29.98445595854922
675,Serbia,2020,5.778200149536133,75.64,74.47804878,28.463730569948183
676,Bolivia,2020,5.747499942779541,65.84,64.467,28.94041450777202
677,Pakistan,2020,5.693299770355225,49.37,66.269,23.795336787564768
678,Paraguay,2020,5.6921000480651855,67.99,73.182,42.4300518134715
679,Dominican Republic,2020,5.689199924468994,67.59,72.889,37.06476683937824
680,Bosnia and Herzegovina,2020,5.674099922180176,70.49,76.225,26.393782383419687
681,Moldova,2020,5.607500076293945,72.42,70.166,34.3860103626943
682,Tajikistan,2020,5.555699825286865,55.75,67.994,47.09067357512953
683,Montenegro,2020,5.54610013961792,74.65,75.93170732,20.477272727272723
684,Russia,2020,5.546000003814697,72.0,71.33878049,28.525906735751292
685,Belarus,2020,5.539899826049805,75.33,72.45721951,91.00000000000004
686,Greece,2020,5.514999866485596,82.26,81.28780488,18.904145077720205
687,Croatia,2020,5.504700183868408,81.17,77.72439024,24.821243523316056
688,Mongolia,2020,5.456200122833252,67.07,72.141,41.09067357512953
689,Vietnam,2020,5.353499889373779,68.02,75.378,31.55769230769232
690,Indonesia,2020,5.285600185394287,66.15,68.808,65.54145077720207
691,Benin,2020,5.216000080108643,53.99,60.088,28.119170984455963
692,Azerbaijan,2020,5.16480016708374,62.74,66.868,26.999999999999964
693,Ghana,2020,5.1479997634887695,63.55,64.114,45.43264248704663
694,Nepal,2020,5.137199878692627,59.51,69.246,39.87823834196891
695,China,2020,5.123899936676025,64.06,78.077,21.26165803108808
696,Turkmenistan,2020,5.119100093841553,55.85,68.687,358.0
697,Bulgaria,2020,5.101500034332275,76.28,73.65853659,32.090673575129536
698,Morocco,2020,5.094799995422363,62.87,73.92,24.541450777202073
699,Cameroon,2020,5.08489990234375,50.17,60.833,42.608808290155444
700,Venezuela,2020,5.053199768066406,59.51,71.095,30.277202072538856
701,Senegal,2020,4.980800151824951,56.18,68.006,30.176165803108805
702,Guinea,2020,4.949299812316895,42.12,59.327,59.27777777777777
703,Niger,2020,4.909599781036377,41.97,61.451,163.99999999999991
704,Albania,2020,4.882699966430664,73.23,76.989,30.031088082901555
705,Cambodia,2020,4.848400115966797,54.66,70.416,27.919689119170986
706,Bangladesh,2020,4.832799911499023,55.47,71.968,63.02272727272728
707,Gabon,2020,4.8292999267578125,60.89,66.531,22.398963730569942
708,South Africa,2020,4.814099788665772,68.27,65.252,41.57512953367875
709,Iraq,2020,4.784800052642822,55.41,69.123,42.39378238341969
710,Lebanon,2020,4.771500110626221,66.9,77.804,24.4041450777202
711,Burkina Faso,2020,4.768700122833252,49.93,59.731,34.7555555555555
712,Mali,2020,4.729300022125244,47.23,58.633,29.60103626943005
713,Nigeria,2020,4.724100112915039,52.51,52.887,53.34715025906735
714,Armenia,2020,4.676799774169922,74.16,72.173,33.86666666666665
715,Georgia,2020,4.672599792480469,74.34,72.765,39.541450777202066
716,Iran,2020,4.672399997711182,64.0,74.832,39.523316062176164
717,Jordan,2020,4.633399963378906,68.61,75.184,25.18652849740932
718,Kenya,2020,4.583000183105469,56.18,62.675,53.42746113989638
719,Namibia,2020,4.571100234985352,61.35,62.829,36.35714285714285
720,Ukraine,2020,4.560699939727783,73.2,71.18512195,36.554404145077726
721,Liberia,2020,4.557899951934815,48.65,60.948,-60.00000000000023
722,Uganda,2020,4.432000160217285,48.79,62.851,42.25129533678758
723,Chad,2020,4.422699928283691,33.7,52.777,13.999999999999844
724,Tunisia,2020,4.392199993133545,70.67,75.292,23.575129533678755
725,Mauritania,2020,4.374599933624268,46.8,64.532,178.99999999999997
726,Sri Lanka,2020,4.327000141143799,69.29,76.393,32.8235294117647
727,Myanmar,2020,4.308000087738037,56.91,66.797,48.67875647668392
728,Togo,2020,4.18720006942749,51.11,61.035,26.422222222222196
729,Ethiopia,2020,4.186200141906738,47.71,65.371,42.06818181818182
730,Madagascar,2020,4.165599822998047,46.27,65.182,105.99999999999994
731,Egypt,2020,4.151400089263916,57.81,70.99,33.75388601036269
732,Sierra Leone,2020,3.926399946212769,48.86,59.763,29.0444444444444
733,Zambia,2020,3.759399890899658,51.66,62.38,41.65803108808289
734,Haiti,2020,3.7207999229431152,45.31,64.052,195.99999999999986
735,India,2020,3.5732998847961426,58.31,70.15,35.082901554404145
736,Malawi,2020,3.5380001068115234,52.15,63.717,25.977777777777735
737,Yemen,2020,3.527400016784668,37.95,64.65,85.0
738,Botswana,2020,3.478899955749512,64.43,65.647,127.99999999999989
739,Tanzania,2020,3.4762001037597656,53.28,66.408,36.479274611398964
740,Rwanda,2020,3.312299966812134,52.36,66.774,8.999999999999972
741,Zimbabwe,2020,3.2992000579833984,50.85,61.124,35.22538860103627
742,Afghanistan,2020,2.56690001487732,39.61,62.575,-5.4222222222222705
743,Finland,2021,7.842100143432617,90.52,81.93414634,31.0
744,Denmark,2021,7.619500160217285,90.35,81.40487805,37.0
745,Switzerland,2021,7.571499824523926,90.24,83.85121951,28.0
746,Iceland,2021,7.553899765014648,89.57,83.11707317,36.0
747,Netherlands,2021,7.464000225067139,89.09,81.46097561,37.0
748,Norway,2021,7.392499923706055,90.53,83.16341463,36.0
749,Sweden,2021,7.36269998550415,89.34,83.15609756,34.0
750,Luxembourg,2021,7.324399948120117,87.13,82.74878049,83.99999999999963
751,New Zealand,2021,7.276599884033203,87.31,82.20731707,47.0
752,Austria,2021,7.267799854278564,88.37,81.23902439,34.0
753,Australia,2021,7.183499813079834,88.2,83.3,49.0
754,Israel,2021,7.157100200653076,82.26,82.5,28.0
755,Germany,2021,7.1545000076293945,88.44,80.90097561,30.0
756,Canada,2021,7.103300094604492,88.48,82.59660976,38.0
757,Ireland,2021,7.085299968719482,87.61,82.10243902,40.0
758,Costa Rica,2021,7.069399833679199,80.53,77.023,30.0
759,United Kingdom,2021,7.063600063323975,86.28,80.7,41.0
760,Czechia,2021,6.964700222015381,85.08,77.37317073,30.0
761,United States,2021,6.951499938964844,85.04,76.32926829,43.0
762,Belgium,2021,6.834000110626221,86.96,81.8902439,21.0
763,France,2021,6.689899921417236,86.27,82.32439024,25.0
764,Malta,2021,6.602000236511231,84.19,82.86097561,31.0
765,United Arab Emirates,2021,6.560500144958496,70.87,78.71,44.0
766,Saudi Arabia,2021,6.49399995803833,63.68,76.936,35.0
767,Spain,2021,6.490699768066406,85.65,83.17804878,27.0
768,Italy,2021,6.483099937438965,85.1,82.79512195,22.0
769,Slovenia,2021,6.460700035095215,84.28,80.87560976,28.0
770,Guatemala,2021,6.434500217437744,60.19,69.237,-17.000000000000057
771,Uruguay,2021,6.431399822235107,81.24,75.436,32.0
772,Singapore,2021,6.376500129699707,83.79,83.44146341,85.39999999999995
773,Brazil,2021,6.330100059509277,71.25,72.75,35.0
774,Mexico,2021,6.316800117492676,71.07,70.213,32.0
775,Jamaica,2021,6.309199810028076,73.48,70.5,34.0
776,Lithuania,2021,6.25540018081665,83.7,74.33902439,28.0
777,Estonia,2021,6.188799858093262,85.83,76.74146341,30.0
778,Panama,2021,6.179599761962891,73.81,76.223,34.37777777777774
779,Uzbekistan,2021,6.178800106048584,65.96,70.862,40.0
780,Chile,2021,6.171899795532227,79.88,78.944,39.0
781,Poland,2021,6.166100025177002,80.74,75.60243902,38.0
782,Kazakhstan,2021,6.151800155639648,71.24,70.23,28.0
783,Romania,2021,6.139999866485596,76.87,72.96097561,28.0
784,Kuwait,2021,6.106100082397461,74.04,78.673,282.99999999999955
785,Serbia,2021,6.077899932861328,75.83,72.73073171,35.0
786,El Salvador,2021,6.060500144958496,64.88,70.748,31.0
787,Mauritius,2021,6.048999786376953,75.79,73.6802439,34.0
788,Latvia,2021,6.0320000648498535,81.74,73.28292683,25.0
789,Colombia,2021,6.012400150299072,69.66,72.83,35.0
790,Hungary,2021,5.991600036621094,78.21,74.46585366,31.0
791,Thailand,2021,5.984700202941895,69.31,78.715,46.0
792,Nicaragua,2021,5.972099781036377,60.82,73.837,37.0
793,Japan,2021,5.940499782562256,88.13,84.44560976,12.0
794,Argentina,2021,5.929299831390381,78.54,75.39,32.0
795,Portugal,2021,5.928999900817871,84.79,81.07317073,20.0
796,Honduras,2021,5.9191999435424805,61.13,70.123,32.42222222222218
797,Croatia,2021,5.881700038909912,81.79,76.42439024,30.0
798,Philippines,2021,5.880199909210205,67.1,69.266,33.0
799,Peru,2021,5.839600086212158,70.61,72.377,34.0
800,Bosnia and Herzegovina,2021,5.81309986114502,71.16,75.3,34.0
801,Moldova,2021,5.76639986038208,73.13,68.846,37.0
802,Ecuador,2021,5.763999938964844,72.2,73.67,29.0
803,Greece,2021,5.722599983215332,82.19,80.18292683,26.0
804,Bolivia,2021,5.71589994430542,65.68,63.63,35.0
805,Mongolia,2021,5.677199840545654,67.0,70.975,44.0
806,Paraguay,2021,5.652599811553955,68.81,70.262,41.0
807,Montenegro,2021,5.58050012588501,74.29,73.82439024,34.0
808,Dominican Republic,2021,5.545100212097168,69.0,72.615,39.0
809,Belarus,2021,5.5335001945495605,71.92,72.37068293,182.00000000000014
810,Russia,2021,5.477200031280518,72.12,69.36121951,33.0
811,Tajikistan,2021,5.46619987487793,56.01,71.594,45.0
812,Vietnam,2021,5.410799980163574,68.41,73.618,40.0
813,Indonesia,2021,5.3445000648498535,66.28,67.57,69.0
814,China,2021,5.339099884033203,64.92,78.211,28.0
815,Armenia,2021,5.282599925994873,74.21,72.043,35.06666666666665
816,Nepal,2021,5.268899917602539,59.06,68.45,40.0
817,Bulgaria,2021,5.265500068664551,76.45,71.51463415,37.0
818,Azerbaijan,2021,5.17080020904541,62.96,69.366,40.99999999999997
819,Cameroon,2021,5.1417999267578125,51.01,60.333,43.0
820,Senegal,2021,5.131800174713135,57.29,67.093,35.0
821,Albania,2021,5.117400169372559,73.86,76.463,33.0
822,Ghana,2021,5.088399887084961,64.79,63.795,47.0
823,Niger,2021,5.074100017547607,42.33,61.576,323.9999999999999
824,Turkmenistan,2021,5.066400051116943,56.41,69.264,785.0
825,Benin,2021,5.045199871063232,54.83,59.821,29.0
826,Bangladesh,2021,5.024600028991699,55.62,72.381,33.0
827,Guinea,2021,4.984300136566162,42.06,58.892,62.77777777777775
828,South Africa,2021,4.956399917602539,68.82,62.341,41.0
829,Pakistan,2021,4.934000015258789,50.32,66.098,25.0
830,Morocco,2021,4.918000221252441,62.99,74.042,23.0
831,Venezuela,2021,4.892199993133545,58.87,70.554,35.0
832,Georgia,2021,4.89139986038208,74.48,71.694,40.0
833,Ukraine,2021,4.874800205230713,73.95,69.64780488,43.0
834,Iraq,2021,4.854100227355957,55.98,70.378,39.0
835,Gabon,2021,4.851799964904785,61.83,65.821,26.0
836,Burkina Faso,2021,4.833799839019775,49.93,59.27,37.955555555555506
837,Cambodia,2021,4.830399990081787,55.56,69.584,28.0
838,Nigeria,2021,4.759300231933594,53.11,52.676,52.0
839,Mali,2021,4.723499774932861,47.24,58.941,31.0
840,Iran,2021,4.721199989318848,64.03,73.875,39.0
841,Uganda,2021,4.636499881744385,48.89,62.705,46.0
842,Liberia,2021,4.625199794769287,48.47,60.747,-212.00000000000045
843,Kenya,2021,4.606599807739258,57.23,61.427,58.0
844,Tunisia,2021,4.596499919891357,70.26,73.772,29.0
845,Lebanon,2021,4.583799839019775,66.19,75.047,24.0
846,Namibia,2021,4.574100017547607,62.1,59.269,37.0
847,Myanmar,2021,4.42579984664917,57.64,65.672,51.0
848,Jordan,2021,4.394599914550781,67.59,74.256,26.0
849,Chad,2021,4.355400085449219,34.25,52.525,-1.0000000000002842
850,Sri Lanka,2021,4.324999809265137,68.95,76.399,34.0
851,Egypt,2021,4.282700061798096,58.44,70.221,33.0
852,Ethiopia,2021,4.274700164794922,47.17,64.975,44.0
853,Mauritania,2021,4.227399826049805,47.01,64.364,393.9999999999999
854,Madagascar,2021,4.208499908447266,46.58,64.485,189.99999999999994
855,Togo,2021,4.106800079345703,52.21,61.619,29.62222222222219
856,Zambia,2021,4.073400020599365,50.25,61.223,43.0
857,Sierra Leone,2021,3.849400043487549,49.67,60.062,30.6444444444444
858,India,2021,3.8189001083374015,58.8,67.24,44.0
859,Yemen,2021,3.657900094985962,38.38,63.753,177.00000000000006
860,Tanzania,2021,3.623199939727783,54.08,66.201,40.0
861,Haiti,2021,3.6149001121521,45.23,63.192,367.9999999999998
862,Malawi,2021,3.5999999046325684,53.45,62.904,28.17777777777773
863,Botswana,2021,3.4665000438690186,65.47,61.141,267.9999999999998
864,Rwanda,2021,3.4147000312805176,52.2,66.072,-12.000000000000085
865,Zimbabwe,2021,3.1447999477386475,52.22,59.253,37.0
866,Afghanistan,2021,2.522900104522705,41.13,61.982,-2.6222222222222644
867,Finland,2022,7.821000099182129,90.46,82.61837977410715,37.0
868,Denmark,2022,7.636199951171875,90.54,81.29429443642846,46.0
869,Iceland,2022,7.557499885559082,89.54,84.2501742173215,46.0
870,Switzerland,2022,7.511600017547607,90.26,90.31968639946419,37.0
871,Netherlands,2022,7.414899826049805,88.97,85.32351912535711,46.0
872,Luxembourg,2022,7.403999805450439,87.48,87.15618467285708,112.99999999999937
873,Sweden,2022,7.384300231933594,89.42,89.74420732446413,42.0
874,Norway,2022,7.365099906921387,90.74,82.38941635874994,45.0
875,Israel,2022,7.363800048828125,83.17,82.5006968658929,37.0
876,New Zealand,2022,7.19980001449585,87.26,82.0881141096429,54.0
877,Austria,2022,7.163000106811523,88.05,84.49063585071417,45.0
878,Australia,2022,7.162099838256836,87.83,82.6443815271428,55.0
879,Ireland,2022,7.040800094604492,87.69,82.2330138953572,49.0
880,Germany,2022,7.03410005569458,88.72,82.27729098785701,41.0
881,Canada,2022,7.025100231170654,88.17,88.55060502750001,51.0
882,United States,2022,6.976799964904785,84.65,81.4565331364285,59.0
883,United Kingdom,2022,6.942500114440918,86.13,86.23449479839286,47.0
884,Czechia,2022,6.9197998046875,85.19,78.83358011035713,48.0
885,Belgium,2022,6.804999828338623,87.22,91.5913763030357,-55.90909090909088
886,France,2022,6.686699867248535,86.07,85.58414629982144,32.0
887,Slovenia,2022,6.630099773406982,84.19,85.96054004857143,39.0
888,Costa Rica,2022,6.581999778747559,80.65,70.04823214285707,44.0
889,United Arab Emirates,2022,6.576000213623047,70.7,81.11605357142861,47.0
890,Saudi Arabia,2022,6.522799968719482,63.89,83.50939285714293,36.0
891,Singapore,2022,6.480199813842773,83.76,77.24638496839296,45.0
892,Romania,2022,6.477000236511231,76.89,74.46959925035716,30.0
893,Spain,2022,6.47629976272583,85.35,92.47617594589283,32.0
894,Uruguay,2022,6.473599910736084,80.27,61.88228571428559,40.0
895,Italy,2022,6.466700077056885,85.23,89.84664637732146,29.0
896,Malta,2022,6.446899890899658,84.52,87.26598432499998,45.0
897,Lithuania,2022,6.4456000328063965,83.71,78.5214285871429,37.0
898,Estonia,2022,6.340799808502197,86.16,71.67617592714288,40.0
899,Panama,2022,6.309100151062012,74.02,79.14275,36.0
900,Brazil,2022,6.292799949645996,71.26,74.14691071428572,47.0
901,Guatemala,2022,6.262199878692627,60.21,66.77942857142858,-56.000000000000114
902,Kazakhstan,2022,6.234099864959717,71.21,73.53196428571417,34.0
903,Latvia,2022,6.180399894714356,82.46,69.00383279035714,29.0
904,Serbia,2022,6.177999973297119,75.8,72.55302269339282,46.0
905,Chile,2022,6.171800136566162,80.78,81.74346428571423,38.0
906,Nicaragua,2022,6.164599895477295,60.23,89.55267857142857,40.0
907,Mexico,2022,6.127600193023682,70.84,86.65894642857134,44.0
908,Croatia,2022,6.125199794769287,82.32,75.44024388482117,37.0
909,Poland,2022,6.122799873352051,80.17,78.7905923367855,47.0
910,El Salvador,2022,6.119999885559082,64.42,75.43932142857128,36.0
911,Kuwait,2022,6.106100082397461,74.06,95.07973214285727,500.9999999999992
912,Hungary,2022,6.085899829864502,78.21,74.1176829791072,40.0
913,Mauritius,2022,6.071100234985352,75.44,71.98391116428564,37.0
914,Uzbekistan,2022,6.062699794769287,66.12,76.87198214285706,38.0
915,Japan,2022,6.038899898529053,88.19,83.52991288928555,20.0
916,Honduras,2022,6.02209997177124,61.17,71.32819642857143,46.0
917,Portugal,2022,6.016300201416016,84.75,84.91054006553566,26.0
918,Argentina,2022,5.9670000076293945,78.64,79.7084821428572,47.0
919,Greece,2022,5.948200225830078,82.44,77.34381531482151,32.0
920,Philippines,2022,5.903600215911865,67.46,59.2381607142857,47.0
921,Thailand,2022,5.891200065612793,69.8,76.26044642857136,48.0
922,Moldova,2022,5.856800079345703,74.19,68.4897678571428,34.0
923,Jamaica,2022,5.849599838256836,73.48,65.63439285714276,46.0
924,Belarus,2022,5.821499824523926,71.49,79.05876396446416,327.0000000000003
925,Colombia,2022,5.780600070953369,69.83,74.14930357142839,42.0
926,Bosnia and Herzegovina,2022,5.76800012588501,71.23,76.43557142857145,44.0
927,Mongolia,2022,5.760700225830078,67.21,66.72139285714272,46.0
928,Dominican Republic,2022,5.737199783325195,69.76,75.00628571428567,44.0
929,Bolivia,2022,5.600299835205078,67.15,74.1367857142856,43.0
930,China,2022,5.585299968719482,65.74,78.41624999999996,42.0
931,Paraguay,2022,5.5782999992370605,68.96,62.57721428571426,44.0
932,Peru,2022,5.559100151062012,70.7,78.05848214285695,39.0
933,Montenegro,2022,5.546800136566162,74.64,69.34107140553553,68.40909090909092
934,Ecuador,2022,5.533299922943115,71.75,98.93482142857141,42.0
935,Vietnam,2022,5.485000133514404,68.18,63.120428571428505,43.0
936,Turkmenistan,2022,5.474299907684326,56.75,72.87128571428565,1468.0
937,Russia,2022,5.458600044250488,71.99,70.49844074946421,46.0
938,Armenia,2022,5.398600101470947,74.78,84.9788571428571,29.0
939,Tajikistan,2022,5.377099990844727,56.05,95.33767857142857,39.0
940,Nepal,2022,5.376500129699707,59.39,68.19267857142864,40.0
941,Bulgaria,2022,5.3709001541137695,76.81,70.36154179625004,41.0
942,Indonesia,2022,5.23960018157959,66.67,70.3171964285714,68.0
943,Albania,2022,5.198800086975098,74.12,83.77510714285705,34.0
944,South Africa,2022,5.193900108337402,69.95,57.346714285714285,35.0
945,Azerbaijan,2022,5.173399925231934,63.26,102.1284107142857,63.999999999999915
946,Bangladesh,2022,5.1554999351501465,56.06,77.12364285714276,-60.40909090909092
947,Liberia,2022,5.121500015258789,49.03,61.03939285714293,-459.0000000000008
948,Ukraine,2022,5.084099769592285,74.17,67.74976915464279,49.0
949,Morocco,2022,5.059899806976318,64.04,76.24092857142853,31.0
950,Cameroon,2022,5.047599792480469,51.4,62.29526785714282,37.0
951,Senegal,2022,5.04610013961792,57.7,66.83246428571425,40.0
952,Niger,2022,5.003499984741211,43.14,68.38867857142847,571.9999999999997
953,Georgia,2022,4.973199844360352,74.43,71.30655357142854,31.0
954,Gabon,2022,4.9583001136779785,62.18,64.36401785714276,34.0
955,Iraq,2022,4.940899848937988,56.82,83.70712499999999,37.0
956,Venezuela,2022,4.92549991607666,58.62,73.2706071428571,45.0
957,Guinea,2022,4.890500068664551,42.41,59.65205357142858,47.0
958,Iran,2022,4.887899875640869,63.72,75.40337499999998,43.0
959,Ghana,2022,4.872000217437744,64.8,66.38058928571428,43.0
960,Burkina Faso,2022,4.670499801635742,49.83,58.68464285714285,39.0
961,Cambodia,2022,4.6402997970581055,55.71,68.20678571428556,19.0
962,Benin,2022,4.623199939727783,55.59,60.89053571428565,32.0
963,Uganda,2022,4.60260009765625,49.34,63.061732142857124,46.0
964,Nigeria,2022,4.552000045776367,52.97,52.696071428571344,48.0
965,Kenya,2022,4.543000221252441,57.96,58.861196428571446,61.0
966,Tunisia,2022,4.515999794006348,69.77,71.55821428571414,28.0
967,Pakistan,2022,4.5157999992370605,51.32,67.93385714285705,29.0
968,Mali,2022,4.479000091552734,46.93,64.3980357142857,38.0
969,Namibia,2022,4.459400177001953,62.0,49.486017857142826,35.0
970,Myanmar,2022,4.394199848175049,51.46,61.25053571428566,52.0
971,Sri Lanka,2022,4.362199783325195,69.22,75.27298214285707,44.0
972,Madagascar,2022,4.339099884033203,47.07,66.07174999999998,312.9999999999998
973,Egypt,2022,4.287700176239014,58.73,69.13167857142855,23.0
974,Chad,2022,4.250800132751465,34.69,54.19508928571422,-23.00000000000057
975,Ethiopia,2022,4.241499900817871,47.43,66.09274999999997,34.772727272727266
976,Yemen,2022,4.196899890899658,39.08,64.31051785714277,323.0000000000001
977,Mauritania,2022,4.152599811553955,46.6,68.97080357142855,737.9999999999999
978,Jordan,2022,4.152100086212158,67.32,74.9920892857142,32.0
979,Togo,2022,4.112299919128418,51.58,64.37017857142857,34.0
980,India,2022,3.777100086212158,60.19,60.987660714285624,40.0
981,Zambia,2022,3.759799957275391,52.07,59.8719285714285,50.0
982,Malawi,2022,3.750400066375733,54.29,63.44207142857144,39.0
983,Tanzania,2022,3.702399969100952,54.87,68.4764999999999,33.0
984,Sierra Leone,2022,3.5739998817443848,50.48,63.27642857142854,51.0
985,Botswana,2022,3.471100091934204,65.89,46.637178571428564,492.9999999999995
986,Rwanda,2022,3.268199920654297,52.18,62.70232142857134,-44.000000000000114
987,Zimbabwe,2022,2.9951000213623047,52.17,53.201410714285686,31.0
988,Lebanon,2022,2.955300092697144,66.48,70.55642857142854,24.0
989,Afghanistan,2022,2.4038000106811523,37.34,64.807357142857,21.0
990,Namibia,2015,3.616756357737981,60.11,60.7,36.0
991,Haiti,2022,2.7865206227643142,45.42,61.61528571428559,630.9999999999995
