,Country,Year,WHI,SPI,GDP,WGI,# Missing Vals
0,Switzerland,2015,7.587,88.05,82.89756098,42,0
1,Iceland,2015,7.561,88.6,82.46829268,0,1
2,Denmark,2015,7.527,89.37,80.70243902,42,0
3,Norway,2015,7.522,89.15,82.30487805,49,0
4,Canada,2015,7.427,87.3,81.81560976,60,0
5,Finland,2015,7.406,89.25,81.4804878,43,0
6,Netherlands,2015,7.378,89.23,81.5097561,56,0
7,Sweden,2015,7.364,88.72,82.20487805,44,0
8,New Zealand,2015,7.286,86.6,81.61243902,61,0
9,Australia,2015,7.284,87.7,82.4,59,0
10,Israel,2015,7.278,81.23,82.05121951,32,0
11,Costa Rica,2015,7.226,78.89,79.086,43,0
12,Austria,2015,7.2,86.47,81.1902439,46,0
13,Mexico,2015,7.187,68.61,74.682,29,0
14,United States,2015,7.119,85.3,78.6902439,61,0
15,Brazil,2015,6.983,72.72,74.332,25,0
16,Luxembourg,2015,6.946,85.9,82.29268293,43,0
17,Ireland,2015,6.94,86.0,81.45365854,56,0
18,Belgium,2015,6.937,86.38,80.99268293,40,0
19,United Arab Emirates,2015,6.901,66.57,79.223,50,0
20,United Kingdom,2015,6.867,86.65,80.95609756,57,0
21,Venezuela,2015,6.81,64.61,73.006,20,0
22,Singapore,2015,6.798,81.85,82.74390244,43,0
23,Panama,2015,6.786,72.27,77.468,39,0
24,Germany,2015,6.75,88.07,80.64146341,47,0
25,Chile,2015,6.67,79.47,79.746,40,0
26,France,2015,6.575,86.08,82.32195122,32,0
27,Argentina,2015,6.574,76.81,76.76,25,0
28,Czechia,2015,6.505,82.92,78.57804878,20,0
29,Uruguay,2015,6.485,79.58,77.483,31,0
30,Colombia,2015,6.477,69.78,76.257,35,0
31,Thailand,2015,6.455,67.1,77.717,48,0
32,Saudi Arabia,2015,6.411,59.33,76.918,40,0
33,Spain,2015,6.329,83.57,82.83170732,36,0
34,Malta,2015,6.302,81.68,81.89756098,51,0
35,Kuwait,2015,6.295,70.41,79.562,46,0
36,El Salvador,2015,6.13,64.27,71.814,23,0
37,Guatemala,2015,6.123,56.38,72.103,49,0
38,Uzbekistan,2015,6.003,58.3,70.475,44,0
39,Japan,2015,5.987,86.92,83.79390244,26,0
40,Ecuador,2015,5.975,69.53,76.789,20,0
41,Bahrain,2015,5.96,64.09,79.405,51,0
42,Italy,2015,5.948,83.02,82.54390244,33,0
43,Bolivia,2015,5.89,64.21,67.318,35,0
44,Moldova,2015,5.889,70.3,69.24,23,0
45,Paraguay,2015,5.878,65.41,73.191,22,0
46,Kazakhstan,2015,5.855,67.71,71.97,37,0
47,Slovenia,2015,5.848,83.98,80.77560976,42,0
48,Lithuania,2015,5.833,81.88,74.32195122,17,0
49,Nicaragua,2015,5.828,61.98,72.983,34,0
50,Peru,2015,5.824,68.69,75.621,23,0
51,Belarus,2015,5.813,71.74,73.62439024,26,0
52,Poland,2015,5.791,80.69,77.45121951,31,0
53,Malaysia,2015,5.77,68.88,75.094,52,0
54,Croatia,2015,5.759,79.23,77.27560976,36,0
55,Libya,2015,5.754,57.23,71.698,0,1
56,Russia,2015,5.716,69.75,71.18341463,20,0
57,Jamaica,2015,5.709,70.6,72.394,47,0
58,Cyprus,2015,5.695,79.51,80.966,42,0
59,Cyprus,2015,5.689,79.51,80.966,42,0
60,Algeria,2015,5.605,64.05,75.622,0,1
61,Turkmenistan,2015,5.548,54.23,68.782,33,0
62,Mauritius,2015,5.477,74.36,74.35317073,41,0
63,Estonia,2015,5.429,83.92,77.5902439,26,0
64,Indonesia,2015,5.399,62.63,69.699,46,0
65,Vietnam,2015,5.36,64.79,73.876,31,0
66,Nigeria,2015,5.268,49.33,51.841,42,0
67,Azerbaijan,2015,5.212,61.07,71.451,22,0
68,Pakistan,2015,5.194,46.7,65.697,28,0
69,Jordan,2015,5.192,66.51,75.011,23,0
70,Montenegro,2015,5.192,73.49,76.44878049,27,0
71,China,2015,5.14,60.33,76.977,12,0
72,Zambia,2015,5.129,49.38,61.208,39,0
73,Romania,2015,5.124,74.84,74.91219512,28,0
74,Serbia,2015,5.123,72.59,75.28780488,23,0
75,Portugal,2015,5.102,83.15,81.12439024,30,0
76,Latvia,2015,5.098,80.37,74.4804878,24,0
77,Philippines,2015,5.073,65.91,71.268,40,0
78,Morocco,2015,5.013,61.43,72.92,21,0
79,Mozambique,2015,4.971,44.57,58.151,0,1
80,Albania,2015,4.959,71.5,78.644,30,0
81,Bosnia and Herzegovina,2015,4.949,69.16,76.182,29,0
82,Lesotho,2015,4.898,49.27,51.101,0,1
83,Dominican Republic,2015,4.885,65.63,72.953,42,0
84,Mongolia,2015,4.874,64.45,69.498,39,0
85,Greece,2015,4.857,81.32,81.03658537,17,0
86,Lebanon,2015,4.839,66.03,79.229,27,0
87,Hungary,2015,4.8,78.15,75.56829268,22,0
88,Honduras,2015,4.788,58.15,72.487,36,0
89,Tajikistan,2015,4.786,53.53,69.306,33,0
90,Tunisia,2015,4.739,68.95,75.692,17,0
91,Bangladesh,2015,4.694,51.0,70.491,27,0
92,Iran,2015,4.686,61.06,75.124,43,0
93,Ukraine,2015,4.681,70.16,71.1895122,29,0
94,Iraq,2015,4.677,51.05,69.44,42,0
95,South Africa,2015,4.642,66.15,63.95,40,0
96,Ghana,2015,4.633,59.66,63.175,35,0
97,Zimbabwe,2015,4.61,50.6,59.591,29,0
98,Liberia,2015,4.571,46.11,59.148,45,0
99,India,2015,4.565,55.48,69.636,25,0
100,Haiti,2015,4.518,43.4,63.237,36,0
101,Nepal,2015,4.514,55.54,67.456,32,0
102,Ethiopia,2015,4.512,41.33,63.649,27,0
103,Sierra Leone,2015,4.507,43.99,57.189,38,0
104,Mauritania,2015,4.436,42.89,64.485,24,0
105,Kenya,2015,4.419,53.54,61.892,52,0
106,Armenia,2015,4.35,69.67,74.436,19,0
107,Botswana,2015,4.332,61.81,63.818,38,0
108,Myanmar,2015,4.307,48.1,65.561,66,0
109,Georgia,2015,4.297,71.84,73.297,23,0
110,Malawi,2015,4.292,49.69,61.378,42,0
111,Sri Lanka,2015,4.271,64.7,74.927,56,0
112,Cameroon,2015,4.252,48.43,59.658,28,0
113,Bulgaria,2015,4.218,74.16,74.61463415,23,0
114,Egypt,2015,4.194,54.64,70.483,23,0
115,Yemen,2015,4.077,40.22,65.873,15,0
116,Mali,2015,3.995,45.9,58.363,22,0
117,Uganda,2015,3.931,47.15,61.086,37,0
118,Senegal,2015,3.904,54.49,66.879,30,0
119,Gabon,2015,3.896,59.45,65.46,24,0
120,Niger,2015,3.845,40.57,61.083,19,0
121,Cambodia,2015,3.819,51.91,69.873,26,0
122,Tanzania,2015,3.781,48.73,64.651,30,0
123,Madagascar,2015,3.681,45.09,64.339,26,0
124,Chad,2015,3.667,30.81,51.589,19,0
125,Guinea,2015,3.656,39.01,58.134,31,0
126,Burkina Faso,2015,3.587,46.66,58.845,25,0
127,Afghanistan,2015,3.575,36.58,62.659,30,0
128,Rwanda,2015,3.465,49.83,65.298,19,0
129,Benin,2015,3.34,53.18,59.377,19,0
130,Burundi,2015,2.905,39.96,60.217,11,0
131,Togo,2015,2.839,47.87,59.396,19,0
132,Denmark,2016,7.526,89.7,80.85365854,47,0
133,Switzerland,2016,7.509,88.2,83.60243902,46,0
134,Iceland,2016,7.501,88.71,82.20487805,49,0
135,Norway,2016,7.498,89.38,82.40731707,50,0
136,Finland,2016,7.413,89.33,81.42926829,46,0
137,Canada,2016,7.404,87.25,81.92487805,56,0
138,Netherlands,2016,7.339,89.3,81.56097561,52,0
139,New Zealand,2016,7.334,86.79,81.65853659,59,0
140,Australia,2016,7.313,87.7,82.44878049,60,0
141,Sweden,2016,7.291,88.65,82.30731707,45,0
142,Israel,2016,7.267,81.44,82.40731707,41,0
143,Austria,2016,7.119,86.59,81.64146341,43,0
144,United States,2016,7.104,85.42,78.53902439,61,0
145,Costa Rica,2016,7.087,79.12,79.459,37,0
146,Germany,2016,6.994,88.37,80.9902439,47,0
147,Brazil,2016,6.952,72.93,74.442,34,0
148,Belgium,2016,6.929,86.68,81.43902439,43,0
149,Ireland,2016,6.907,86.44,81.65365854,54,0
150,Luxembourg,2016,6.871,86.77,82.68536585,39,0
151,Mexico,2016,6.778,68.49,74.412,26,0
152,Singapore,2016,6.739,82.26,82.84634146,44,0
153,United Kingdom,2016,6.725,86.62,81.15609756,54,0
154,Chile,2016,6.705,79.44,80.079,38,0
155,Panama,2016,6.701,72.33,77.653,43,0
156,Argentina,2016,6.65,76.97,76.308,30,0
157,Czechia,2016,6.596,83.45,79.02682927,23,0
158,United Arab Emirates,2016,6.573,67.76,79.335,53,0
159,Uruguay,2016,6.545,79.74,77.571,37,0
160,Malta,2016,6.488,82.12,82.45365854,49,0
161,Colombia,2016,6.481,70.07,76.471,33,0
162,France,2016,6.478,85.97,82.57317073,31,0
163,Thailand,2016,6.474,66.9,78.049,42,0
164,Saudi Arabia,2016,6.379,60.27,77.064,41,0
165,Spain,2016,6.361,83.99,83.32926829,32,0
166,Algeria,2016,6.355,64.01,75.732,0,1
167,Guatemala,2016,6.324,56.74,72.355,43,0
168,Kuwait,2016,6.239,71.05,79.701,48,0
169,Bahrain,2016,6.218,64.43,79.557,0,1
170,Venezuela,2016,6.084,63.82,72.058,23,0
171,El Salvador,2016,6.068,63.77,72.025,30,0
172,Malaysia,2016,6.005,69.38,75.289,46,0
173,Nicaragua,2016,5.992,61.83,73.256,33,0
174,Uzbekistan,2016,5.987,58.71,70.755,52,0
175,Italy,2016,5.977,82.98,83.24390244,30,0
176,Ecuador,2016,5.976,70.06,76.763,27,0
177,Japan,2016,5.921,87.07,83.98487805,24,0
178,Kazakhstan,2016,5.919,68.21,72.41,27,0
179,Moldova,2016,5.897,70.27,69.917,24,0
180,Russia,2016,5.856,70.05,71.65121951,22,0
181,Poland,2016,5.835,81.02,77.85121951,25,0
182,Bolivia,2016,5.822,64.45,67.628,33,0
183,Lithuania,2016,5.813,82.15,74.67073171,22,0
184,Belarus,2016,5.802,72.22,73.82682927,27,0
185,Cyprus,2016,5.771,80.03,81.056,42,0
186,Slovenia,2016,5.768,83.92,81.17560976,41,0
187,Peru,2016,5.743,69.28,75.789,36,0
188,Turkmenistan,2016,5.658,54.01,68.777,50,0
189,Mauritius,2016,5.648,74.7,74.39487805,0,1
190,Libya,2016,5.615,57.57,71.756,0,1
191,Latvia,2016,5.56,80.51,74.5804878,24,0
192,Cyprus,2016,5.546,80.03,81.056,42,0
193,Paraguay,2016,5.538,65.92,73.534,27,0
194,Romania,2016,5.528,75.4,75.2097561,28,0
195,Estonia,2016,5.517,84.21,77.64146341,23,0
196,Jamaica,2016,5.51,71.1,72.02,0,1
197,Croatia,2016,5.488,79.63,78.02195122,22,0
198,Indonesia,2016,5.314,63.61,69.798,56,0
199,Jordan,2016,5.303,67.06,75.215,33,0
200,Azerbaijan,2016,5.291,61.5,72.004,21,0
201,Philippines,2016,5.279,66.32,71.387,40,0
202,China,2016,5.245,60.99,77.218,11,0
203,Serbia,2016,5.177,73.2,75.68780488,20,0
204,Bosnia and Herzegovina,2016,5.163,69.71,76.808,21,0
205,Montenegro,2016,5.161,73.49,76.44146341,20,0
206,Dominican Republic,2016,5.155,65.59,72.987,42,0
207,Morocco,2016,5.151,61.51,73.284,22,0
208,Hungary,2016,5.145,78.07,76.06341463,20,0
209,Pakistan,2016,5.132,47.19,65.88,29,0
210,Lebanon,2016,5.129,66.56,79.505,31,0
211,Portugal,2016,5.123,83.57,81.12439024,29,0
212,Vietnam,2016,5.061,65.18,73.938,36,0
213,Tunisia,2016,5.045,69.02,75.786,23,0
214,Greece,2016,5.033,81.74,81.38780488,19,0
215,Tajikistan,2016,4.996,53.42,69.549,30,0
216,Mongolia,2016,4.907,65.29,69.865,44,0
217,Nigeria,2016,4.875,50.09,52.043,38,0
218,Honduras,2016,4.871,58.63,72.588,33,0
219,Iran,2016,4.813,61.93,75.6,41,0
220,Zambia,2016,4.795,49.64,61.794,36,0
221,Nepal,2016,4.793,56.43,68.776,42,0
222,Albania,2016,4.655,71.94,78.86,26,0
223,Bangladesh,2016,4.643,51.91,71.09,28,0
224,Sierra Leone,2016,4.635,45.08,58.404,40,0
225,Iraq,2016,4.575,51.61,68.988,43,0
226,Namibia,2016,4.574,60.44,61.682,0,1
227,Cameroon,2016,4.513,49.12,60.233,39,0
228,Ethiopia,2016,4.508,42.14,64.392,30,0
229,South Africa,2016,4.459,66.56,64.747,37,0
230,Sri Lanka,2016,4.415,66.52,75.331,57,0
231,India,2016,4.404,55.25,70.117,29,0
232,Myanmar,2016,4.395,50.89,65.685,70,0
233,Egypt,2016,4.362,55.06,70.844,24,0
234,Armenia,2016,4.36,70.33,74.664,21,0
235,Kenya,2016,4.356,54.08,62.163,52,0
236,Ukraine,2016,4.324,70.48,71.47634146,26,0
237,Ghana,2016,4.276,60.3,63.89,33,0
238,Georgia,2016,4.252,72.63,73.569,23,0
239,Senegal,2016,4.219,55.27,67.497,28,0
240,Bulgaria,2016,4.217,74.43,74.81219512,21,0
241,Mauritania,2016,4.201,43.18,64.768,29,0
242,Zimbabwe,2016,4.193,50.48,60.306,25,0
243,Malawi,2016,4.156,50.53,62.209,42,0
244,Gabon,2016,4.121,59.94,65.802,29,0
245,Mali,2016,4.073,46.44,58.731,27,0
246,Haiti,2016,4.028,43.39,63.392,38,0
247,Botswana,2016,3.974,62.6,65.464,38,0
248,Cambodia,2016,3.907,52.64,70.224,27,0
249,Niger,2016,3.856,41.11,61.629,24,0
250,Chad,2016,3.763,31.7,52.083,24,0
251,Burkina Faso,2016,3.739,47.5,59.326,33,0
252,Uganda,2016,3.739,47.39,61.648,44,0
253,Yemen,2016,3.724,37.94,66.064,17,0
254,Madagascar,2016,3.695,45.69,64.997,20,0
255,Tanzania,2016,3.666,49.65,65.386,37,0
256,Liberia,2016,3.622,47.17,60.416,38,0
257,Guinea,2016,3.607,39.72,58.763,34,0
258,Rwanda,2016,3.515,50.67,65.737,23,0
259,Benin,2016,3.484,53.0,59.539,27,0
260,Afghanistan,2016,3.36,37.57,63.136,32,0
261,Togo,2016,3.303,48.76,59.55,26,0
262,Burundi,2016,2.905,38.98,60.793,0,1
263,Norway,2017,7.53700017929077,89.85,82.6097561,45,0
264,Denmark,2017,7.52199983596802,90.14,81.10243902,44,0
265,Iceland,2017,7.50400018692017,89.1,82.66097561,46,0
266,Switzerland,2017,7.49399995803833,88.74,83.55121951,41,0
267,Finland,2017,7.4689998626709,89.98,81.63170732,40,0
268,Netherlands,2017,7.3769998550415,89.24,81.76097561,51,0
269,Canada,2017,7.31599998474121,87.73,81.83292683,54,0
270,New Zealand,2017,7.31400012969971,87.3,81.85853659,57,0
271,Sweden,2017,7.28399991989136,88.91,82.4097561,41,0
272,Australia,2017,7.28399991989136,87.88,82.5,56,0
273,Israel,2017,7.21299982070923,81.49,82.55121951,41,0
274,Costa Rica,2017,7.0789999961853,79.2,79.377,38,0
275,Austria,2017,7.00600004196167,87.41,81.64390244,42,0
276,United States,2017,6.99300003051758,85.21,78.53902439,56,0
277,Ireland,2017,6.97700023651123,87.01,82.15609756,53,0
278,Germany,2017,6.95100021362305,88.61,80.99268293,45,0
279,Belgium,2017,6.89099979400635,86.86,81.49268293,35,0
280,Luxembourg,2017,6.86299991607666,87.2,82.09512195,38,0
281,United Kingdom,2017,6.71400022506714,86.73,81.25609756,50,0
282,Chile,2017,6.65199995040894,79.52,80.35,37,0
283,United Arab Emirates,2017,6.64799976348877,68.43,79.504,51,0
284,Brazil,2017,6.63500022888184,72.62,74.827,32,0
285,Czechia,2017,6.60900020599365,84.17,78.97804878,18,0
286,Argentina,2017,6.59899997711182,77.14,76.833,30,0
287,Mexico,2017,6.57800006866455,69.46,74.138,26,0
288,Singapore,2017,6.57200002670288,82.79,83.09512195,41,0
289,Malta,2017,6.52699995040894,82.92,82.34634146,48,0
290,Uruguay,2017,6.4539999961853,79.3,77.625,34,0
291,Guatemala,2017,6.4539999961853,58.76,72.551,39,0
292,Panama,2017,6.4520001411438,72.75,77.795,35,0
293,France,2017,6.44199991226196,85.78,82.57560976,33,0
294,Thailand,2017,6.42399978637695,67.19,78.394,46,0
295,Spain,2017,6.40299987792969,84.61,83.28292683,33,0
296,Colombia,2017,6.35699987411499,70.39,76.646,34,0
297,Saudi Arabia,2017,6.3439998626709,61.49,77.16,37,0
298,Kuwait,2017,6.10500001907349,71.9,79.781,41,0
299,Bahrain,2017,6.08699989318848,64.52,79.689,0,1
300,Malaysia,2017,6.08400011062622,69.93,75.476,0,1
301,Nicaragua,2017,6.07100009918213,62.73,73.554,30,0
302,Ecuador,2017,6.00799989700317,70.46,76.972,36,0
303,El Salvador,2017,6.00299978256226,63.63,72.311,27,0
304,Poland,2017,5.97300004959106,81.33,77.75365854,26,0
305,Uzbekistan,2017,5.97100019454956,59.89,71.01,40,0
306,Italy,2017,5.96400022506714,83.61,82.94634146,30,0
307,Russia,2017,5.96299982070923,70.3,72.45146341,20,0
308,Japan,2017,5.92000007629395,87.33,84.0997561,24,0
309,Lithuania,2017,5.90199995040894,82.68,75.4804878,16,0
310,Algeria,2017,5.87200021743774,64.15,75.743,0,1
311,Latvia,2017,5.84999990463257,80.26,74.62926829,18,0
312,Moldova,2017,5.83799982070923,70.36,70.516,27,0
313,Romania,2017,5.82499980926514,76.0,75.3097561,31,0
314,Bolivia,2017,5.82299995422363,65.13,67.701,33,0
315,Turkmenistan,2017,5.82200002670288,53.87,68.916,33,0
316,Kazakhstan,2017,5.81899976730347,68.67,72.95,30,0
317,Cyprus,2017,5.80999994277954,80.96,81.328,38,0
318,Slovenia,2017,5.75799989700317,84.88,81.02926829,34,0
319,Peru,2017,5.71500015258789,69.43,75.879,30,0
320,Mauritius,2017,5.62900018692017,75.39,74.51463415,42,0
321,Cyprus,2017,5.62099981307983,80.96,81.328,38,0
322,Estonia,2017,5.61100006103516,84.61,78.09268293,27,0
323,Belarus,2017,5.56899976730347,73.43,74.12926829,22,0
324,Libya,2017,5.52500009536743,56.76,72.482,39,0
325,Paraguay,2017,5.49300003051758,67.24,73.644,21,0
326,Philippines,2017,5.42999982833862,66.19,71.516,36,0
327,Serbia,2017,5.39499998092651,74.67,75.53902439,18,0
328,Jordan,2017,5.33599996566772,67.59,75.502,32,0
329,Hungary,2017,5.32399988174438,78.16,75.81707317,21,0
330,Jamaica,2017,5.31099987030029,71.53,71.911,0,1
331,Croatia,2017,5.29300022125244,80.72,77.82682927,20,0
332,China,2017,5.27299976348877,62.04,77.248,14,0
333,Pakistan,2017,5.26900005340576,47.7,66.297,31,0
334,Indonesia,2017,5.26200008392334,64.47,69.936,60,0
335,Venezuela,2017,5.25,62.74,71.943,23,0
336,Montenegro,2017,5.23699998855591,74.36,76.48536585,25,0
337,Morocco,2017,5.2350001335144,62.28,73.66,18,0
338,Azerbaijan,2017,5.23400020599365,61.96,72.248,19,0
339,Dominican Republic,2017,5.23000001907349,65.93,73.063,41,0
340,Greece,2017,5.22700023651123,81.43,81.28780488,24,0
341,Lebanon,2017,5.22499990463257,67.47,79.654,31,0
342,Portugal,2017,5.19500017166138,83.85,81.42439024,26,0
343,Bosnia and Herzegovina,2017,5.18200016021729,70.61,76.935,34,0
344,Honduras,2017,5.18100023269653,59.31,72.692,39,0
345,Vietnam,2017,5.07399988174438,66.1,73.963,23,0
346,Nigeria,2017,5.07399988174438,51.08,52.305,42,0
347,Tajikistan,2017,5.04099988937378,53.77,69.905,36,0
348,Nepal,2017,4.96199989318848,57.6,68.91,36,0
349,Mongolia,2017,4.95499992370605,65.84,70.237,42,0
350,South Africa,2017,4.8289999961853,67.26,65.402,43,0
351,Tunisia,2017,4.80499982833862,69.37,75.845,28,0
352,Egypt,2017,4.7350001335144,55.45,71.302,25,0
353,Bulgaria,2017,4.71400022506714,75.57,74.81463415,19,0
354,Sierra Leone,2017,4.70900011062622,45.84,58.652,49,0
355,Cameroon,2017,4.69500017166138,49.67,60.81,33,0
356,Iran,2017,4.69199991226196,62.52,75.971,45,0
357,Albania,2017,4.64400005340576,72.57,79.047,27,0
358,Bangladesh,2017,4.60799980163574,52.81,71.788,18,0
359,Namibia,2017,4.57399988174438,60.72,62.293,0,1
360,Kenya,2017,4.55299997329712,54.46,62.481,60,0
361,Mozambique,2017,4.55000019073486,45.6,59.771,0,1
362,Myanmar,2017,4.54500007629395,52.9,65.843,65,0
363,Senegal,2017,4.53499984741211,55.42,67.75,31,0
364,Zambia,2017,4.51399993896484,50.43,62.12,45,0
365,Iraq,2017,4.49700021743774,52.95,70.413,39,0
366,Gabon,2017,4.46500015258789,60.21,66.189,27,0
367,Ethiopia,2017,4.46000003814697,43.46,64.838,25,0
368,Sri Lanka,2017,4.44000005722046,67.8,75.403,0,1
369,Armenia,2017,4.37599992752075,70.78,74.906,20,0
370,India,2017,4.31500005722046,56.5,70.467,31,0
371,Mauritania,2017,4.29199981689453,43.5,65.083,18,0
372,Georgia,2017,4.28599977493286,73.17,73.57,18,0
373,Mali,2017,4.19000005722046,46.38,59.132,24,0
374,Cambodia,2017,4.16800022125244,52.92,70.515,18,0
375,Ghana,2017,4.11999988555908,61.03,64.013,43,0
376,Ukraine,2017,4.09600019454956,71.79,71.78097561,29,0
377,Uganda,2017,4.08099985122681,47.48,62.115,44,0
378,Burkina Faso,2017,4.03200006484985,47.92,59.536,30,0
379,Niger,2017,4.02799987792969,41.32,62.16,22,0
380,Malawi,2017,3.97000002861023,51.09,62.977,40,0
381,Chad,2017,3.93600010871887,32.34,52.308,27,0
382,Zimbabwe,2017,3.875,50.45,60.709,32,0
383,Lesotho,2017,3.80800008773804,49.95,53.064,33,0
384,Afghanistan,2017,3.79399991035461,37.87,63.016,30,0
385,Botswana,2017,3.76600003242493,63.18,66.753,28,0
386,Benin,2017,3.65700006484985,53.62,59.856,24,0
387,Madagascar,2017,3.64400005340576,45.37,65.094,18,0
388,Haiti,2017,3.6029999256134,43.81,63.854,36,0
389,Yemen,2017,3.59299993515015,37.73,65.957,13,0
390,Liberia,2017,3.53299999237061,48.34,60.553,46,0
391,Guinea,2017,3.50699996948242,40.89,59.109,27,0
392,Togo,2017,3.49499988555908,50.27,60.154,25,0
393,Rwanda,2017,3.47099995613098,50.19,65.941,26,0
394,Tanzania,2017,3.34899997711182,51.04,65.999,34,0
395,Burundi,2017,2.90499997138977,40.01,61.553,0,1
396,Finland,2018,7.632,89.96,81.73414634,40,0
397,Norway,2018,7.594,90.13,82.75853659,50,0
398,Denmark,2018,7.555,90.24,80.95365854,46,0
399,Iceland,2018,7.495,89.15,82.86097561,48,0
400,Switzerland,2018,7.487,88.86,83.75365854,45,0
401,Netherlands,2018,7.441,89.25,81.81219512,51,0
402,Canada,2018,7.328,87.94,81.84390244,49,0
403,New Zealand,2018,7.324,87.25,81.70731707,58,0
404,Sweden,2018,7.314,88.73,82.55853659,41,0
405,Australia,2018,7.272,87.86,82.74878049,59,0
406,United Kingdom,2018,7.19,86.89,81.25609756,55,0
407,Austria,2018,7.139,87.46,81.69268293,44,0
408,Costa Rica,2018,7.072,79.56,79.484,34,0
409,Ireland,2018,6.977,87.31,82.20487805,56,0
410,Germany,2018,6.965,88.52,80.89268293,46,0
411,Belgium,2018,6.927,86.8,81.59512195,41,0
412,Luxembourg,2018,6.91,87.31,82.29512195,41,0
413,United States,2018,6.886,84.99,78.63902439,58,0
414,Israel,2018,6.814,81.26,82.80243902,42,0
415,United Arab Emirates,2018,6.774,68.68,79.627,51,0
416,Czechia,2018,6.711,84.12,79.02926829,22,0
417,Malta,2018,6.627,82.94,82.44878049,47,0
418,France,2018,6.489,85.94,82.67560976,32,0
419,Mexico,2018,6.488,69.9,74.015,24,0
420,Chile,2018,6.476,79.95,80.133,34,0
421,Panama,2018,6.43,73.12,77.863,30,0
422,Brazil,2018,6.419,72.12,75.109,23,0
423,Argentina,2018,6.388,77.26,76.999,28,0
424,Guatemala,2018,6.382,59.26,72.726,34,0
425,Uruguay,2018,6.379,79.31,77.611,30,0
426,Saudi Arabia,2018,6.371,61.97,77.212,37,0
427,Singapore,2018,6.343,82.83,83.29756098,54,0
428,Malaysia,2018,6.322,70.58,75.644,0,1
429,Spain,2018,6.31,84.76,83.43170732,36,0
430,Colombia,2018,6.26,70.58,76.748,29,0
431,El Salvador,2018,6.167,63.96,72.555,22,0
432,Nicaragua,2018,6.141,62.58,73.85,33,0
433,Poland,2018,6.123,80.99,77.60243902,24,0
434,Bahrain,2018,6.105,64.13,79.857,53,0
435,Uzbekistan,2018,6.096,61.5,71.149,36,0
436,Kuwait,2018,6.083,72.2,79.722,43,0
437,Thailand,2018,6.072,67.83,78.662,34,0
438,Italy,2018,6.0,84.1,83.34634146,33,0
439,Ecuador,2018,5.973,71.36,77.094,24,0
440,Lithuania,2018,5.952,82.71,75.6804878,19,0
441,Slovenia,2018,5.948,84.85,81.37804878,39,0
442,Romania,2018,5.945,75.55,75.35853659,27,0
443,Latvia,2018,5.933,80.72,74.78292683,19,0
444,Japan,2018,5.915,87.6,84.21097561,22,0
445,Mauritius,2018,5.891,76.0,74.41634146,46,0
446,Jamaica,2018,5.89,72.08,71.793,36,0
447,Russia,2018,5.81,70.81,72.66219512,25,0
448,Kazakhstan,2018,5.79,68.89,73.15,28,0
449,Cyprus,2018,5.762,81.17,81.382,43,0
450,Bolivia,2018,5.752,65.72,67.748,28,0
451,Estonia,2018,5.739,84.91,78.24390244,26,0
452,Paraguay,2018,5.681,67.42,73.568,34,0
453,Peru,2018,5.663,70.06,76.009,27,0
454,Moldova,2018,5.64,70.02,70.492,27,0
455,Turkmenistan,2018,5.636,54.11,68.796,40,0
456,Hungary,2018,5.62,78.11,76.06585366,23,0
457,Libya,2018,5.566,55.33,72.794,45,0
458,Philippines,2018,5.524,66.55,71.689,28,0
459,Honduras,2018,5.504,59.37,72.814,39,0
460,Belarus,2018,5.483,73.84,74.17560976,23,0
461,Pakistan,2018,5.472,48.18,66.482,28,0
462,Portugal,2018,5.41,84.09,81.32439024,28,0
463,Serbia,2018,5.398,74.93,75.8902439,21,0
464,Greece,2018,5.358,81.75,81.78780488,17,0
465,Lebanon,2018,5.358,66.96,79.729,28,0
466,Montenegro,2018,5.347,74.14,76.84146341,24,0
467,Croatia,2018,5.321,80.86,78.07073171,20,0
468,Dominican Republic,2018,5.302,66.17,73.232,39,0
469,Algeria,2018,5.295,64.75,76.066,28,0
470,Morocco,2018,5.254,62.6,73.986,26,0
471,China,2018,5.246,62.45,77.744,17,0
472,Azerbaijan,2018,5.201,62.53,72.76,18,0
473,Tajikistan,2018,5.199,54.22,70.353,42,0
474,Jordan,2018,5.161,67.88,75.774,30,0
475,Nigeria,2018,5.155,51.39,52.554,48,0
476,Bosnia and Herzegovina,2018,5.129,70.9,77.093,28,0
477,Mongolia,2018,5.125,65.67,71.199,39,0
478,Vietnam,2018,5.103,67.0,73.976,0,1
479,Indonesia,2018,5.093,65.03,70.338,59,0
480,Cameroon,2018,4.975,49.47,61.18,34,0
481,Bulgaria,2018,4.933,75.66,74.96341463,22,0
482,Nepal,2018,4.88,58.5,68.979,37,0
483,Venezuela,2018,4.806,61.39,71.979,26,0
484,Gabon,2018,4.758,60.34,66.306,24,0
485,South Africa,2018,4.724,66.7,65.674,41,0
486,Iran,2018,4.707,62.37,76.195,45,0
487,Ghana,2018,4.657,61.41,64.122,42,0
488,Senegal,2018,4.631,55.71,68.097,28,0
489,Tunisia,2018,4.592,69.74,75.95,20,0
490,Albania,2018,4.586,72.58,79.184,26,0
491,Sierra Leone,2018,4.571,46.53,59.796,47,0
492,Bangladesh,2018,4.5,53.45,72.567,31,0
493,Sri Lanka,2018,4.471,68.15,75.748,45,0
494,Iraq,2018,4.456,53.68,71.514,43,0
495,Mali,2018,4.447,45.81,59.393,28,0
496,Namibia,2018,4.441,61.0,62.586,32,0
497,Cambodia,2018,4.433,53.34,70.561,18,0
498,Burkina Faso,2018,4.424,48.52,60.047,29,0
499,Egypt,2018,4.419,55.85,71.367,26,0
500,Mozambique,2018,4.417,45.57,60.526,29,0
501,Kenya,2018,4.41,54.78,62.676,54,0
502,Zambia,2018,4.377,51.01,62.342,46,0
503,Mauritania,2018,4.356,43.13,65.31,20,0
504,Ethiopia,2018,4.35,45.08,65.412,27,0
505,Georgia,2018,4.34,73.54,73.341,24,0
506,Armenia,2018,4.321,71.13,75.064,23,0
507,Myanmar,2018,4.308,54.43,66.465,54,0
508,Chad,2018,4.301,32.34,52.825,27,0
509,India,2018,4.19,57.22,70.71,22,0
510,Niger,2018,4.166,40.89,62.454,32,0
511,Uganda,2018,4.161,47.61,62.714,39,0
512,Benin,2018,4.141,53.74,60.14,26,0
513,Ukraine,2018,4.103,71.89,71.58268293,29,0
514,Togo,2018,3.999,50.09,60.244,24,0
515,Guinea,2018,3.964,41.08,59.349,32,0
516,Lesotho,2018,3.808,50.75,53.733,28,0
517,Madagascar,2018,3.774,45.26,65.27,27,0
518,Zimbabwe,2018,3.692,51.18,61.414,30,0
519,Afghanistan,2018,3.632,38.85,63.081,19,0
520,Botswana,2018,3.59,63.78,65.422,27,0
521,Malawi,2018,3.587,51.65,63.276,35,0
522,Haiti,2018,3.582,43.93,64.019,49,0
523,Liberia,2018,3.495,48.32,60.853,47,0
524,Rwanda,2018,3.408,50.32,66.251,26,0
525,Yemen,2018,3.355,37.67,64.575,15,0
526,Tanzania,2018,3.303,51.96,66.535,28,0
527,Burundi,2018,2.905,40.57,61.688,0,1
528,Finland,2019,7.769,90.48,81.98292683,0,1
529,Denmark,2019,7.6,90.56,81.45121951,0,1
530,Norway,2019,7.554,90.78,82.95853659,0,1
531,Iceland,2019,7.494,89.5,83.16341463,0,1
532,Netherlands,2019,7.488,89.39,82.11219512,0,1
533,Switzerland,2019,7.48,89.6,83.90487805,0,1
534,Sweden,2019,7.343,89.22,83.1097561,0,1
535,New Zealand,2019,7.307,87.37,82.05609756,0,1
536,Canada,2019,7.278,87.96,82.22878049,0,1
537,Austria,2019,7.246,87.43,81.89512195,0,1
538,Australia,2019,7.228,88.12,82.9,0,1
539,Costa Rica,2019,7.167,79.84,79.427,0,1
540,Israel,2019,7.139,81.74,82.80487805,0,1
541,Luxembourg,2019,7.09,87.92,82.63902439,0,1
542,United Kingdom,2019,7.054,86.53,81.40487805,0,1
543,Ireland,2019,7.021,87.78,82.70243902,0,1
544,Germany,2019,6.985,88.77,81.29268293,0,1
545,Belgium,2019,6.923,87.12,81.99512195,0,1
546,United States,2019,6.892,85.14,78.78780488,0,1
547,Czechia,2019,6.852,84.48,79.22926829,0,1
548,United Arab Emirates,2019,6.825,69.69,79.726,0,1
549,Malta,2019,6.726,83.23,82.85853659,0,1
550,Mexico,2019,6.595,70.81,74.202,0,1
551,France,2019,6.592,86.35,82.82682927,0,1
552,Chile,2019,6.444,79.88,80.326,0,1
553,Guatemala,2019,6.436,59.67,73.129,0,1
554,Saudi Arabia,2019,6.375,62.92,77.304,0,1
555,Spain,2019,6.354,85.49,83.83170732,0,1
556,Panama,2019,6.321,73.79,77.81,0,1
557,Brazil,2019,6.3,72.09,75.338,0,1
558,Uruguay,2019,6.293,80.13,77.508,0,1
559,Singapore,2019,6.262,83.36,83.59512195,0,1
560,El Salvador,2019,6.253,64.58,72.559,0,1
561,Italy,2019,6.223,84.41,83.49756098,0,1
562,Bahrain,2019,6.199,64.33,80.019,0,1
563,Poland,2019,6.182,81.22,77.90487805,0,1
564,Uzbekistan,2019,6.174,62.39,71.344,0,1
565,Lithuania,2019,6.149,82.93,76.28292683,0,1
566,Colombia,2019,6.125,70.73,76.752,0,1
567,Slovenia,2019,6.118,85.35,81.52926829,0,1
568,Nicaragua,2019,6.105,60.25,74.054,0,1
569,Argentina,2019,6.086,77.62,77.284,0,1
570,Romania,2019,6.07,75.8,75.60731707,0,1
571,Cyprus,2019,6.046,82.21,81.397,0,1
572,Ecuador,2019,6.028,71.81,77.297,0,1
573,Kuwait,2019,6.021,72.76,79.685,0,1
574,Thailand,2019,6.008,68.54,78.975,0,1
575,Latvia,2019,5.94,81.32,75.38780488,0,1
576,Estonia,2019,5.893,85.29,78.64634146,0,1
577,Jamaica,2019,5.89,72.63,71.767,0,1
578,Mauritius,2019,5.888,76.56,74.23585366,0,1
579,Japan,2019,5.886,87.68,84.35634146,0,1
580,Honduras,2019,5.86,60.97,72.881,0,1
581,Kazakhstan,2019,5.809,69.42,73.18,0,1
582,Bolivia,2019,5.779,66.45,67.841,0,1
583,Hungary,2019,5.758,78.32,76.3195122,0,1
584,Paraguay,2019,5.743,67.85,73.621,0,1
585,Peru,2019,5.697,71.04,76.156,0,1
586,Portugal,2019,5.693,85.0,81.67560976,0,1
587,Pakistan,2019,5.653,49.08,66.756,0,1
588,Russia,2019,5.648,71.54,73.08390244,0,1
589,Philippines,2019,5.631,67.62,71.865,0,1
590,Serbia,2019,5.603,75.32,75.93658537,0,1
591,Moldova,2019,5.529,71.29,70.935,0,1
592,Libya,2019,5.525,55.5,72.463,0,1
593,Montenegro,2019,5.523,74.39,76.68292683,0,1
594,Tajikistan,2019,5.467,55.53,70.867,0,1
595,Croatia,2019,5.432,80.86,78.42439024,0,1
596,Dominican Republic,2019,5.425,67.16,73.577,0,1
597,Bosnia and Herzegovina,2019,5.386,70.47,77.241,0,1
598,Malaysia,2019,5.339,73.02,75.76,0,1
599,Belarus,2019,5.323,75.09,74.22682927,0,1
600,Greece,2019,5.287,82.17,81.63902439,0,1
601,Mongolia,2019,5.285,66.12,71.822,0,1
602,Nigeria,2019,5.265,52.03,52.91,0,1
603,Turkmenistan,2019,5.247,55.0,69.002,0,1
604,Algeria,2019,5.211,64.91,76.474,0,1
605,Morocco,2019,5.208,62.78,74.27,0,1
606,Azerbaijan,2019,5.208,62.39,73.102,0,1
607,Lebanon,2019,5.197,66.89,79.236,0,1
608,Indonesia,2019,5.192,65.99,70.518,0,1
609,China,2019,5.191,63.31,77.968,0,1
610,Vietnam,2019,5.175,67.48,74.093,0,1
611,Cameroon,2019,5.044,50.02,61.584,0,1
612,Bulgaria,2019,5.011,76.26,75.11219512,0,1
613,Ghana,2019,4.996,62.59,64.74,0,1
614,Nepal,2019,4.913,59.4,69.558,0,1
615,Jordan,2019,4.906,68.36,76.044,0,1
616,Benin,2019,4.883,54.05,60.454,0,1
617,Gabon,2019,4.799,60.75,66.603,0,1
618,South Africa,2019,4.722,67.6,66.175,0,1
619,Albania,2019,4.719,73.27,79.282,0,1
620,Venezuela,2019,4.707,60.38,72.161,0,1
621,Cambodia,2019,4.7,54.34,70.692,0,1
622,Senegal,2019,4.681,56.08,68.526,0,1
623,Namibia,2019,4.639,61.25,63.075,0,1
624,Niger,2019,4.628,41.95,62.897,0,1
625,Burkina Faso,2019,4.587,50.25,60.039,0,1
626,Armenia,2019,4.559,72.93,75.439,0,1
627,Iran,2019,4.548,64.0,76.103,0,1
628,Guinea,2019,4.534,42.37,59.72,0,1
629,Georgia,2019,4.519,74.19,73.47,0,1
630,Kenya,2019,4.509,55.51,62.943,0,1
631,Mauritania,2019,4.49,45.05,65.687,0,1
632,Mozambique,2019,4.466,45.77,61.166,0,1
633,Tunisia,2019,4.461,70.14,75.993,0,1
634,Bangladesh,2019,4.456,54.9,72.806,0,1
635,Iraq,2019,4.437,54.69,71.576,0,1
636,Mali,2019,4.39,46.31,59.664,0,1
637,Sierra Leone,2019,4.374,48.8,60.255,0,1
638,Sri Lanka,2019,4.366,69.42,76.008,0,1
639,Myanmar,2019,4.36,55.7,66.61,0,1
640,Chad,2019,4.35,32.55,53.259,0,1
641,Ukraine,2019,4.332,72.38,71.82731707,0,1
642,Ethiopia,2019,4.286,46.67,65.838,0,1
643,Uganda,2019,4.189,47.96,62.991,0,1
644,Egypt,2019,4.166,57.01,71.358,0,1
645,Zambia,2019,4.107,51.21,62.793,0,1
646,Togo,2019,4.085,51.42,60.901,0,1
647,India,2019,4.015,58.44,70.91,0,1
648,Liberia,2019,3.975,48.77,61.104,0,1
649,Madagascar,2019,3.933,45.96,65.882,0,1
650,Lesotho,2019,3.802,50.86,54.173,0,1
651,Burundi,2019,3.775,41.44,62.351,0,1
652,Zimbabwe,2019,3.663,51.39,61.292,0,1
653,Haiti,2019,3.597,44.91,64.255,0,1
654,Botswana,2019,3.488,63.98,65.464,0,1
655,Malawi,2019,3.41,51.86,64.119,0,1
656,Yemen,2019,3.38,37.97,65.092,0,1
657,Rwanda,2019,3.334,51.31,66.437,0,1
658,Tanzania,2019,3.231,52.54,66.989,0,1
659,Afghanistan,2019,3.203,39.23,63.565,0,1
660,Finland,2020,7.808700084686279,90.49,81.93170732,0,1
661,Denmark,2020,7.645599842071533,90.58,81.60243902,0,1
662,Switzerland,2020,7.559899806976318,89.84,83.0,0,1
663,Iceland,2020,7.504499912261963,89.54,83.06341463,0,1
664,Norway,2020,7.48799991607666,90.85,83.2097561,0,1
665,Netherlands,2020,7.44890022277832,89.27,81.35853659,0,1
666,Sweden,2020,7.353499889373779,89.37,82.35609756,0,1
667,New Zealand,2020,7.299600124359131,87.44,82.25609756,0,1
668,Austria,2020,7.2941999435424805,88.01,81.19268293,0,1
669,Luxembourg,2020,7.237500190734863,87.78,82.14390244,0,1
670,Canada,2020,7.232100009918213,87.98,81.6704878,0,1
671,Australia,2020,7.222799777984619,88.2,83.2,0,1
672,United Kingdom,2020,7.1645002365112305,86.3,80.35121951,0,1
673,Israel,2020,7.128600120544434,81.81,82.64878049,0,1
674,Costa Rica,2020,7.121399879455566,80.18,79.277,0,1
675,Ireland,2020,7.093699932098389,87.76,82.55609756,0,1
676,Germany,2020,7.075799942016602,89.0,81.04146341,0,1
677,United States,2020,6.939599990844727,85.27,76.9804878,0,1
678,Czechia,2020,6.910900115966797,84.77,78.22682927,0,1
679,Belgium,2020,6.863500118255615,87.09,80.69512195,0,1
680,United Arab Emirates,2020,6.790800094604492,70.59,78.946,0,1
681,Malta,2020,6.772799968719482,83.73,82.34878049,0,1
682,France,2020,6.66379976272583,86.39,82.17560976,0,1
683,Mexico,2020,6.465000152587891,71.32,70.133,0,1
684,Uruguay,2020,6.440100193023682,81.25,78.43,0,1
685,Saudi Arabia,2020,6.406499862670898,63.5,76.239,0,1
686,Spain,2020,6.400899887084961,85.77,82.33170732,0,1
687,Guatemala,2020,6.398900032043457,59.85,71.797,0,1
688,Italy,2020,6.387400150299072,85.05,82.19512195,0,1
689,Singapore,2020,6.377099990844727,83.46,84.46585366,0,1
690,Brazil,2020,6.3755998611450195,71.37,74.009,0,1
691,Slovenia,2020,6.363399982452393,85.34,80.53170732,0,1
692,El Salvador,2020,6.348299980163574,65.43,71.061,0,1
693,Panama,2020,6.304800033569336,74.07,76.657,0,1
694,Uzbekistan,2020,6.257599830627441,63.99,70.331,0,1
695,Chile,2020,6.228499889373779,79.77,79.377,0,1
696,Bahrain,2020,6.22730016708374,65.54,79.174,0,1
697,Lithuania,2020,6.2154998779296875,83.44,74.97804878,0,1
698,Poland,2020,6.186299800872803,81.08,76.5,0,1
699,Colombia,2020,6.163400173187256,70.16,74.769,0,1
700,Cyprus,2020,6.158999919891357,82.77,81.391,0,1
701,Nicaragua,2020,6.1371002197265625,60.56,71.795,0,1
702,Romania,2020,6.123700141906738,76.48,74.25365854,0,1
703,Kuwait,2020,6.102099895477295,73.19,76.92,0,1
704,Mauritius,2020,6.10129976272583,76.87,74.17707317,0,1
705,Kazakhstan,2020,6.0578999519348145,70.33,71.37,0,1
706,Estonia,2020,6.0218000411987305,85.39,78.59512195,0,1
707,Philippines,2020,6.00600004196167,67.59,72.119,0,1
708,Hungary,2020,6.000400066375732,78.25,75.56829268,0,1
709,Thailand,2020,5.998799800872803,69.3,79.274,0,1
710,Argentina,2020,5.974699974060059,77.86,75.892,0,1
711,Honduras,2020,5.953199863433838,60.9,71.462,0,1
712,Latvia,2020,5.949999809265137,81.82,75.18536585,0,1
713,Ecuador,2020,5.92519998550415,71.78,72.153,0,1
714,Portugal,2020,5.910900115966797,85.1,80.97560976,0,1
715,Jamaica,2020,5.889800071716309,72.83,71.869,0,1
716,Japan,2020,5.870800018310547,87.83,84.56,0,1
717,Peru,2020,5.796800136566162,70.85,73.665,0,1
718,Serbia,2020,5.778200149536133,75.64,74.47804878,0,1
719,Bolivia,2020,5.747499942779541,65.84,64.467,0,1
720,Pakistan,2020,5.693299770355225,49.37,66.269,0,1
721,Paraguay,2020,5.6921000480651855,67.99,73.182,0,1
722,Dominican Republic,2020,5.689199924468994,67.59,72.889,0,1
723,Bosnia and Herzegovina,2020,5.674099922180176,70.49,76.225,0,1
724,Moldova,2020,5.607500076293945,72.42,70.166,0,1
725,Tajikistan,2020,5.555699825286865,55.75,67.994,0,1
726,Montenegro,2020,5.54610013961792,74.65,75.93170732,0,1
727,Russia,2020,5.546000003814697,72.0,71.33878049,0,1
728,Belarus,2020,5.539899826049805,75.33,72.45721951,0,1
729,Cyprus,2020,5.5355000495910645,82.77,81.391,0,1
730,Greece,2020,5.514999866485596,82.26,81.28780488,0,1
731,Croatia,2020,5.504700183868408,81.17,77.72439024,0,1
732,Libya,2020,5.488800048828125,55.24,72.472,0,1
733,Mongolia,2020,5.456200122833252,67.07,72.141,0,1
734,Malaysia,2020,5.384300231933594,73.71,75.938,0,1
735,Vietnam,2020,5.353499889373779,68.02,75.378,0,1
736,Indonesia,2020,5.285600185394287,66.15,68.808,0,1
737,Benin,2020,5.216000080108643,53.99,60.088,0,1
738,Azerbaijan,2020,5.16480016708374,62.74,66.868,0,1
739,Ghana,2020,5.1479997634887695,63.55,64.114,0,1
740,Nepal,2020,5.137199878692627,59.51,69.246,0,1
741,China,2020,5.123899936676025,64.06,78.077,0,1
742,Turkmenistan,2020,5.119100093841553,55.85,68.687,0,1
743,Bulgaria,2020,5.101500034332275,76.28,73.65853659,0,1
744,Morocco,2020,5.094799995422363,62.87,73.92,0,1
745,Cameroon,2020,5.08489990234375,50.17,60.833,0,1
746,Venezuela,2020,5.053199768066406,59.51,71.095,0,1
747,Algeria,2020,5.005099773406982,65.87,74.453,0,1
748,Senegal,2020,4.980800151824951,56.18,68.006,0,1
749,Guinea,2020,4.9492998123168945,42.12,59.327,0,1
750,Niger,2020,4.909599781036377,41.97,61.451,0,1
751,Albania,2020,4.882699966430664,73.23,76.989,0,1
752,Cambodia,2020,4.848400115966797,54.66,70.416,0,1
753,Bangladesh,2020,4.832799911499023,55.47,71.968,0,1
754,Gabon,2020,4.8292999267578125,60.89,66.531,0,1
755,South Africa,2020,4.8140997886657715,68.27,65.252,0,1
756,Iraq,2020,4.784800052642822,55.41,69.123,0,1
757,Lebanon,2020,4.771500110626221,66.9,77.804,0,1
758,Burkina Faso,2020,4.768700122833252,49.93,59.731,0,1
759,Mali,2020,4.729300022125244,47.23,58.633,0,1
760,Nigeria,2020,4.724100112915039,52.51,52.887,0,1
761,Armenia,2020,4.676799774169922,74.16,72.173,0,1
762,Georgia,2020,4.672599792480469,74.34,72.765,0,1
763,Iran,2020,4.672399997711182,64.0,74.832,0,1
764,Jordan,2020,4.633399963378906,68.61,75.184,0,1
765,Mozambique,2020,4.623600006103516,46.77,61.172,0,1
766,Kenya,2020,4.583000183105469,56.18,62.675,0,1
767,Namibia,2020,4.571100234985352,61.35,62.829,0,1
768,Ukraine,2020,4.560699939727783,73.2,71.18512195,0,1
769,Liberia,2020,4.5578999519348145,48.65,60.948,0,1
770,Uganda,2020,4.432000160217285,48.79,62.851,0,1
771,Chad,2020,4.422699928283691,33.7,52.777,0,1
772,Tunisia,2020,4.392199993133545,70.67,75.292,0,1
773,Mauritania,2020,4.374599933624268,46.8,64.532,0,1
774,Sri Lanka,2020,4.327000141143799,69.29,76.393,0,1
775,Myanmar,2020,4.308000087738037,56.91,66.797,0,1
776,Togo,2020,4.18720006942749,51.11,61.035,0,1
777,Ethiopia,2020,4.186200141906738,47.71,65.371,0,1
778,Madagascar,2020,4.165599822998047,46.27,65.182,0,1
779,Egypt,2020,4.151400089263916,57.81,70.99,0,1
780,Sierra Leone,2020,3.9263999462127686,48.86,59.763,0,1
781,Burundi,2020,3.7753000259399414,42.08,61.566,0,1
782,Zambia,2020,3.759399890899658,51.66,62.38,0,1
783,Haiti,2020,3.7207999229431152,45.31,64.052,0,1
784,Lesotho,2020,3.6528000831604004,51.08,54.693,0,1
785,India,2020,3.5732998847961426,58.31,70.15,0,1
786,Malawi,2020,3.5380001068115234,52.15,63.717,0,1
787,Yemen,2020,3.527400016784668,37.95,64.65,0,1
788,Botswana,2020,3.4788999557495117,64.43,65.647,0,1
789,Tanzania,2020,3.4762001037597656,53.28,66.408,0,1
790,Rwanda,2020,3.312299966812134,52.36,66.774,0,1
791,Zimbabwe,2020,3.2992000579833984,50.85,61.124,0,1
792,Afghanistan,2020,2.5669000148773193,39.61,62.575,0,1
793,Finland,2021,7.842100143432617,90.52,81.93414634,31,0
794,Denmark,2021,7.619500160217285,90.35,81.40487805,37,0
795,Switzerland,2021,7.571499824523926,90.24,83.85121951,28,0
796,Iceland,2021,7.553899765014648,89.57,83.11707317,36,0
797,Netherlands,2021,7.464000225067139,89.09,81.46097561,37,0
798,Norway,2021,7.392499923706055,90.53,83.16341463,36,0
799,Sweden,2021,7.36269998550415,89.34,83.15609756,34,0
800,Luxembourg,2021,7.324399948120117,87.13,82.74878049,0,1
801,New Zealand,2021,7.276599884033203,87.31,82.20731707,47,0
802,Austria,2021,7.2677998542785645,88.37,81.23902439,34,0
803,Australia,2021,7.183499813079834,88.2,83.3,49,0
804,Israel,2021,7.157100200653076,82.26,82.5,28,0
805,Germany,2021,7.1545000076293945,88.44,80.90097561,30,0
806,Canada,2021,7.103300094604492,88.48,82.59660976,38,0
807,Ireland,2021,7.085299968719482,87.61,82.10243902,40,0
808,Costa Rica,2021,7.069399833679199,80.53,77.023,30,0
809,United Kingdom,2021,7.063600063323975,86.28,80.7,41,0
810,Czechia,2021,6.964700222015381,85.08,77.37317073,30,0
811,United States,2021,6.951499938964844,85.04,76.32926829,43,0
812,Belgium,2021,6.834000110626221,86.96,81.8902439,21,0
813,France,2021,6.689899921417236,86.27,82.32439024,25,0
814,Bahrain,2021,6.646900177001953,65.96,78.76,45,0
815,Malta,2021,6.6020002365112305,84.19,82.86097561,31,0
816,United Arab Emirates,2021,6.560500144958496,70.87,78.71,44,0
817,Saudi Arabia,2021,6.49399995803833,63.68,76.936,35,0
818,Spain,2021,6.490699768066406,85.65,83.17804878,27,0
819,Italy,2021,6.483099937438965,85.1,82.79512195,22,0
820,Slovenia,2021,6.460700035095215,84.28,80.87560976,28,0
821,Guatemala,2021,6.434500217437744,60.19,69.237,0,1
822,Uruguay,2021,6.431399822235107,81.24,75.436,32,0
823,Singapore,2021,6.376500129699707,83.79,83.44146341,0,1
824,Brazil,2021,6.330100059509277,71.25,72.75,35,0
825,Mexico,2021,6.316800117492676,71.07,70.213,32,0
826,Jamaica,2021,6.309199810028076,73.48,70.5,34,0
827,Lithuania,2021,6.25540018081665,83.7,74.33902439,28,0
828,Cyprus,2021,6.223499774932861,83.07,81.203,32,0
829,Estonia,2021,6.188799858093262,85.83,76.74146341,30,0
830,Panama,2021,6.179599761962891,73.81,76.223,0,1
831,Uzbekistan,2021,6.178800106048584,65.96,70.862,40,0
832,Chile,2021,6.171899795532227,79.88,78.944,39,0
833,Poland,2021,6.166100025177002,80.74,75.60243902,38,0
834,Kazakhstan,2021,6.151800155639648,71.24,70.23,28,0
835,Romania,2021,6.139999866485596,76.87,72.96097561,28,0
836,Kuwait,2021,6.106100082397461,74.04,78.673,0,1
837,Serbia,2021,6.077899932861328,75.83,72.73073171,35,0
838,El Salvador,2021,6.060500144958496,64.88,70.748,31,0
839,Mauritius,2021,6.048999786376953,75.79,73.6802439,34,0
840,Latvia,2021,6.0320000648498535,81.74,73.28292683,25,0
841,Colombia,2021,6.012400150299072,69.66,72.83,35,0
842,Hungary,2021,5.991600036621094,78.21,74.46585366,31,0
843,Thailand,2021,5.9847002029418945,69.31,78.715,46,0
844,Nicaragua,2021,5.972099781036377,60.82,73.837,37,0
845,Japan,2021,5.940499782562256,88.13,84.44560976,12,0
846,Argentina,2021,5.929299831390381,78.54,75.39,32,0
847,Portugal,2021,5.928999900817871,84.79,81.07317073,20,0
848,Honduras,2021,5.9191999435424805,61.13,70.123,0,1
849,Croatia,2021,5.881700038909912,81.79,76.42439024,30,0
850,Philippines,2021,5.880199909210205,67.1,69.266,33,0
851,Peru,2021,5.839600086212158,70.61,72.377,34,0
852,Bosnia and Herzegovina,2021,5.8130998611450195,71.16,75.3,34,0
853,Moldova,2021,5.76639986038208,73.13,68.846,37,0
854,Ecuador,2021,5.763999938964844,72.2,73.67,29,0
855,Greece,2021,5.722599983215332,82.19,80.18292683,26,0
856,Bolivia,2021,5.71589994430542,65.68,63.63,35,0
857,Mongolia,2021,5.677199840545654,67.0,70.975,44,0
858,Paraguay,2021,5.652599811553955,68.81,70.262,41,0
859,Montenegro,2021,5.58050012588501,74.29,73.82439024,34,0
860,Dominican Republic,2021,5.545100212097168,69.0,72.615,39,0
861,Cyprus,2021,5.5355000495910645,83.07,81.203,32,0
862,Belarus,2021,5.5335001945495605,71.92,72.37068293,0,1
863,Russia,2021,5.477200031280518,72.12,69.36121951,33,0
864,Tajikistan,2021,5.46619987487793,56.01,71.594,45,0
865,Vietnam,2021,5.410799980163574,68.41,73.618,40,0
866,Libya,2021,5.410299777984619,54.56,71.911,0,1
867,Malaysia,2021,5.384300231933594,73.7,74.884,40,0
868,Indonesia,2021,5.3445000648498535,66.28,67.57,69,0
869,China,2021,5.339099884033203,64.92,78.211,28,0
870,Armenia,2021,5.282599925994873,74.21,72.043,0,1
871,Nepal,2021,5.268899917602539,59.06,68.45,40,0
872,Bulgaria,2021,5.265500068664551,76.45,71.51463415,37,0
873,Azerbaijan,2021,5.17080020904541,62.96,69.366,0,1
874,Cameroon,2021,5.1417999267578125,51.01,60.333,43,0
875,Senegal,2021,5.131800174713135,57.29,67.093,35,0
876,Albania,2021,5.117400169372559,73.86,76.463,33,0
877,Ghana,2021,5.088399887084961,64.79,63.795,47,0
878,Niger,2021,5.074100017547607,42.33,61.576,0,1
879,Turkmenistan,2021,5.066400051116943,56.41,69.264,0,1
880,Benin,2021,5.045199871063232,54.83,59.821,29,0
881,Bangladesh,2021,5.024600028991699,55.62,72.381,33,0
882,Guinea,2021,4.984300136566162,42.06,58.892,0,1
883,South Africa,2021,4.956399917602539,68.82,62.341,41,0
884,Pakistan,2021,4.934000015258789,50.32,66.098,25,0
885,Morocco,2021,4.918000221252441,62.99,74.042,23,0
886,Venezuela,2021,4.892199993133545,58.87,70.554,35,0
887,Georgia,2021,4.89139986038208,74.48,71.694,40,0
888,Algeria,2021,4.8871002197265625,65.49,76.377,31,0
889,Ukraine,2021,4.874800205230713,73.95,69.64780488,43,0
890,Iraq,2021,4.854100227355957,55.98,70.378,39,0
891,Gabon,2021,4.851799964904785,61.83,65.821,26,0
892,Burkina Faso,2021,4.833799839019775,49.93,59.27,0,1
893,Cambodia,2021,4.830399990081787,55.56,69.584,28,0
894,Mozambique,2021,4.79449987411499,47.91,59.325,0,1
895,Nigeria,2021,4.759300231933594,53.11,52.676,52,0
896,Mali,2021,4.723499774932861,47.24,58.941,31,0
897,Iran,2021,4.721199989318848,64.03,73.875,39,0
898,Uganda,2021,4.636499881744385,48.89,62.705,46,0
899,Liberia,2021,4.625199794769287,48.47,60.747,0,1
900,Kenya,2021,4.606599807739258,57.23,61.427,58,0
901,Tunisia,2021,4.596499919891357,70.26,73.772,29,0
902,Lebanon,2021,4.583799839019775,66.19,75.047,24,0
903,Namibia,2021,4.574100017547607,62.1,59.269,37,0
904,Myanmar,2021,4.42579984664917,57.64,65.672,51,0
905,Jordan,2021,4.394599914550781,67.59,74.256,26,0
906,Chad,2021,4.355400085449219,34.25,52.525,0,1
907,Sri Lanka,2021,4.324999809265137,68.95,76.399,34,0
908,Egypt,2021,4.282700061798096,58.44,70.221,33,0
909,Ethiopia,2021,4.274700164794922,47.17,64.975,44,0
910,Mauritania,2021,4.227399826049805,47.01,64.364,0,1
911,Madagascar,2021,4.208499908447266,46.58,64.485,0,1
912,Togo,2021,4.106800079345703,52.21,61.619,0,1
913,Zambia,2021,4.073400020599365,50.25,61.223,43,0
914,Sierra Leone,2021,3.849400043487549,49.67,60.062,0,1
915,India,2021,3.8189001083374023,58.8,67.24,44,0
916,Burundi,2021,3.7753000259399414,42.17,61.663,0,1
917,Yemen,2021,3.657900094985962,38.38,63.753,0,1
918,Tanzania,2021,3.623199939727783,54.08,66.201,40,0
919,Haiti,2021,3.6149001121520996,45.23,63.192,0,1
920,Malawi,2021,3.5999999046325684,53.45,62.904,0,1
921,Lesotho,2021,3.5118000507354736,53.04,53.062,0,1
922,Botswana,2021,3.4665000438690186,65.47,61.141,0,1
923,Rwanda,2021,3.4147000312805176,52.2,66.072,0,1
924,Zimbabwe,2021,3.1447999477386475,52.22,59.253,37,0
925,Afghanistan,2021,2.522900104522705,41.13,61.982,0,1
926,Finland,2022,7.821000099182129,90.46,0.0,37,1
927,Denmark,2022,7.636199951171875,90.54,0.0,46,1
928,Iceland,2022,7.557499885559082,89.54,0.0,46,1
929,Switzerland,2022,7.511600017547607,90.26,0.0,37,1
930,Netherlands,2022,7.414899826049805,88.97,0.0,46,1
931,Luxembourg,2022,7.4039998054504395,87.48,0.0,0,2
932,Sweden,2022,7.384300231933594,89.42,0.0,42,1
933,Norway,2022,7.365099906921387,90.74,0.0,45,1
934,Israel,2022,7.363800048828125,83.17,0.0,37,1
935,New Zealand,2022,7.19980001449585,87.26,0.0,54,1
936,Austria,2022,7.163000106811523,88.05,0.0,45,1
937,Australia,2022,7.162099838256836,87.83,0.0,55,1
938,Ireland,2022,7.040800094604492,87.69,0.0,49,1
939,Germany,2022,7.03410005569458,88.72,0.0,41,1
940,Canada,2022,7.025100231170654,88.17,0.0,51,1
941,United States,2022,6.976799964904785,84.65,0.0,59,1
942,United Kingdom,2022,6.942500114440918,86.13,0.0,47,1
943,Czechia,2022,6.9197998046875,85.19,0.0,48,1
944,Belgium,2022,6.804999828338623,87.22,0.0,0,2
945,France,2022,6.686699867248535,86.07,0.0,32,1
946,Bahrain,2022,6.646900177001953,66.09,0.0,0,2
947,Slovenia,2022,6.630099773406982,84.19,0.0,39,1
948,Costa Rica,2022,6.581999778747559,80.65,0.0,44,1
949,United Arab Emirates,2022,6.576000213623047,70.7,0.0,47,1
950,Saudi Arabia,2022,6.522799968719482,63.89,0.0,36,1
951,Singapore,2022,6.480199813842773,83.76,0.0,45,1
952,Romania,2022,6.4770002365112305,76.89,0.0,30,1
953,Spain,2022,6.47629976272583,85.35,0.0,32,1
954,Uruguay,2022,6.473599910736084,80.27,0.0,40,1
955,Italy,2022,6.466700077056885,85.23,0.0,29,1
956,Malta,2022,6.446899890899658,84.52,0.0,45,1
957,Lithuania,2022,6.4456000328063965,83.71,0.0,37,1
958,Estonia,2022,6.340799808502197,86.16,0.0,40,1
959,Panama,2022,6.309100151062012,74.02,0.0,36,1
960,Brazil,2022,6.292799949645996,71.26,0.0,47,1
961,Guatemala,2022,6.262199878692627,60.21,0.0,0,2
962,Kazakhstan,2022,6.234099864959717,71.21,0.0,34,1
963,Cyprus,2022,6.220900058746338,83.18,0.0,40,1
964,Latvia,2022,6.1803998947143555,82.46,0.0,29,1
965,Serbia,2022,6.177999973297119,75.8,0.0,46,1
966,Chile,2022,6.171800136566162,80.78,0.0,38,1
967,Nicaragua,2022,6.164599895477295,60.23,0.0,40,1
968,Mexico,2022,6.127600193023682,70.84,0.0,44,1
969,Croatia,2022,6.125199794769287,82.32,0.0,37,1
970,Poland,2022,6.122799873352051,80.17,0.0,47,1
971,El Salvador,2022,6.119999885559082,64.42,0.0,36,1
972,Kuwait,2022,6.106100082397461,74.06,0.0,0,2
973,Hungary,2022,6.085899829864502,78.21,0.0,40,1
974,Mauritius,2022,6.071100234985352,75.44,0.0,37,1
975,Uzbekistan,2022,6.062699794769287,66.12,0.0,38,1
976,Japan,2022,6.038899898529053,88.19,0.0,20,1
977,Honduras,2022,6.02209997177124,61.17,0.0,46,1
978,Portugal,2022,6.016300201416016,84.75,0.0,26,1
979,Argentina,2022,5.9670000076293945,78.64,0.0,47,1
980,Greece,2022,5.948200225830078,82.44,0.0,32,1
981,Philippines,2022,5.903600215911865,67.46,0.0,47,1
982,Thailand,2022,5.891200065612793,69.8,0.0,48,1
983,Moldova,2022,5.856800079345703,74.19,0.0,34,1
984,Jamaica,2022,5.849599838256836,73.48,0.0,46,1
985,Belarus,2022,5.821499824523926,71.49,0.0,0,2
986,Colombia,2022,5.780600070953369,69.83,0.0,42,1
987,Bosnia and Herzegovina,2022,5.76800012588501,71.23,0.0,44,1
988,Mongolia,2022,5.760700225830078,67.21,0.0,46,1
989,Dominican Republic,2022,5.737199783325195,69.76,0.0,44,1
990,Malaysia,2022,5.711299896240234,74.08,0.0,0,2
991,Bolivia,2022,5.600299835205078,67.15,0.0,43,1
992,China,2022,5.585299968719482,65.74,0.0,42,1
993,Paraguay,2022,5.5782999992370605,68.96,0.0,44,1
994,Peru,2022,5.559100151062012,70.7,0.0,39,1
995,Montenegro,2022,5.546800136566162,74.64,0.0,0,2
996,Ecuador,2022,5.533299922943115,71.75,0.0,42,1
997,Vietnam,2022,5.485000133514404,68.18,0.0,43,1
998,Turkmenistan,2022,5.474299907684326,56.75,0.0,0,2
999,Cyprus,2022,5.466599941253662,83.18,0.0,40,1
1000,Russia,2022,5.458600044250488,71.99,0.0,46,1
1001,Armenia,2022,5.398600101470947,74.78,0.0,29,1
1002,Tajikistan,2022,5.377099990844727,56.05,0.0,39,1
1003,Nepal,2022,5.376500129699707,59.39,0.0,40,1
1004,Bulgaria,2022,5.3709001541137695,76.81,0.0,41,1
1005,Libya,2022,5.3302001953125,54.28,0.0,0,2
1006,Indonesia,2022,5.23960018157959,66.67,0.0,68,1
1007,Albania,2022,5.198800086975098,74.12,0.0,34,1
1008,South Africa,2022,5.193900108337402,69.95,0.0,35,1
1009,Azerbaijan,2022,5.173399925231934,63.26,0.0,0,2
1010,Bangladesh,2022,5.1554999351501465,56.06,0.0,0,2
1011,Algeria,2022,5.122300148010254,65.59,0.0,30,1
1012,Liberia,2022,5.121500015258789,49.03,0.0,0,2
1013,Ukraine,2022,5.084099769592285,74.17,0.0,49,1
1014,Morocco,2022,5.059899806976318,64.04,0.0,31,1
1015,Mozambique,2022,5.048299789428711,48.27,0.0,34,1
1016,Cameroon,2022,5.047599792480469,51.4,0.0,37,1
1017,Senegal,2022,5.04610013961792,57.7,0.0,40,1
1018,Niger,2022,5.003499984741211,43.14,0.0,0,2
1019,Georgia,2022,4.973199844360352,74.43,0.0,31,1
1020,Gabon,2022,4.9583001136779785,62.18,0.0,34,1
1021,Iraq,2022,4.940899848937988,56.82,0.0,37,1
1022,Venezuela,2022,4.92549991607666,58.62,0.0,45,1
1023,Guinea,2022,4.890500068664551,42.41,0.0,47,1
1024,Iran,2022,4.887899875640869,63.72,0.0,43,1
1025,Ghana,2022,4.872000217437744,64.8,0.0,43,1
1026,Burkina Faso,2022,4.670499801635742,49.83,0.0,39,1
1027,Cambodia,2022,4.6402997970581055,55.71,0.0,19,1
1028,Benin,2022,4.623199939727783,55.59,0.0,32,1
1029,Uganda,2022,4.60260009765625,49.34,0.0,46,1
1030,Nigeria,2022,4.552000045776367,52.97,0.0,48,1
1031,Kenya,2022,4.543000221252441,57.96,0.0,61,1
1032,Tunisia,2022,4.515999794006348,69.77,0.0,28,1
1033,Pakistan,2022,4.5157999992370605,51.32,0.0,29,1
1034,Mali,2022,4.479000091552734,46.93,0.0,38,1
1035,Namibia,2022,4.459400177001953,62.0,0.0,35,1
1036,Eswatini,2022,4.396100044250488,49.19,0.0,0,2
1037,Myanmar,2022,4.394199848175049,51.46,0.0,52,1
1038,Sri Lanka,2022,4.362199783325195,69.22,0.0,44,1
1039,Madagascar,2022,4.339099884033203,47.07,0.0,0,2
1040,Egypt,2022,4.287700176239014,58.73,0.0,23,1
1041,Chad,2022,4.250800132751465,34.69,0.0,0,2
1042,Ethiopia,2022,4.241499900817871,47.43,0.0,0,2
1043,Yemen,2022,4.196899890899658,39.08,0.0,0,2
1044,Mauritania,2022,4.152599811553955,46.6,0.0,0,2
1045,Jordan,2022,4.152100086212158,67.32,0.0,32,1
1046,Togo,2022,4.112299919128418,51.58,0.0,34,1
1047,India,2022,3.777100086212158,60.19,0.0,40,1
1048,Zambia,2022,3.7597999572753906,52.07,0.0,50,1
1049,Malawi,2022,3.7504000663757324,54.29,0.0,39,1
1050,Tanzania,2022,3.702399969100952,54.87,0.0,33,1
1051,Sierra Leone,2022,3.5739998817443848,50.48,0.0,51,1
1052,Lesotho,2022,3.5118000507354736,52.9,0.0,0,2
1053,Botswana,2022,3.471100091934204,65.89,0.0,0,2
1054,Rwanda,2022,3.268199920654297,52.18,0.0,0,2
1055,Zimbabwe,2022,2.9951000213623047,52.17,0.0,31,1
1056,Lebanon,2022,2.9553000926971436,66.48,0.0,24,1
1057,Afghanistan,2022,2.4038000106811523,37.34,0.0,21,1
1058,Cyprus,2018,0.0,81.17,81.382,43,1
1059,Cyprus,2019,0.0,82.21,81.397,0,2
1060,Mozambique,2016,0.0,45.31,59.038,35,1
1061,Namibia,2015,0.0,60.11,60.7,36,1
1062,Eswatini,2015,0.0,45.32,55.019,0,2
1063,Eswatini,2016,0.0,46.14,56.659,0,2
1064,Eswatini,2017,0.0,47.0,57.895,0,2
1065,Eswatini,2018,0.0,47.76,59.411,0,2
1066,Eswatini,2019,0.0,48.5,60.549,0,2
1067,Eswatini,2020,0.0,48.84,59.692,0,2
1068,Eswatini,2021,0.0,49.67,57.066,0,2
1069,Lesotho,2016,0.0,49.78,52.264,0,2
1070,Burundi,2022,0.0,42.91,0.0,0,3
1071,Haiti,2022,0.0,45.42,0.0,0,3
